replication,seed,warmup_weeks,elapsed_week,measured_weeks,scheduled_count,completed_count,unscheduled_count,unscheduled_count_total,Z1_wait_time,Z2_overtime,Z3_congestion,H_raw,H_analysis,used_for_analysis
1,123,0,1,4,27,27,11,11,25.568814840509393,1.5197147875174324,1.0,0.65869176665447,0.65869176665447,True
1,123,1,2,4,43,43,35,37,43.1031506285256,4.068152095681868,4.0,1.2863650258671089,1.2863650258671089,True
1,123,2,3,4,41,41,13,14,25.233495140913334,2.207297129566556,4.0,0.8290096382022336,0.8290096382022336,True
1,123,3,4,4,32,32,34,37,40.10918994165311,5.74434924171319,4.0,1.2892566112753798,1.2892566112753798,True
1,123,4,5,4,18,18,33,36,68.7186862192137,2.8273501214485806,3.0,1.7356372809839509,1.7356372809839509,True
1,123,5,6,4,23,23,24,32,31.68256883333544,5.217746558501616,4.0,1.0876220516258241,1.0876220516258241,True
1,123,6,7,4,33,33,8,10,10.653230000180908,3.054801154133808,4.0,0.550475546169229,0.550475546169229,True
1,123,7,8,4,32,32,4,6,10.320874695904093,3.541168581248591,4.0,0.56280834387646,0.56280834387646,True
1,123,8,9,4,33,33,20,24,46.45773115171044,4.106397947946971,3.0,1.3097787283116737,1.3097787283116737,True
1,123,9,10,4,37,37,30,35,77.33172305583629,4.080355889049255,4.0,2.0203225867584624,2.0203225867584624,True
1,123,10,11,4,43,43,29,33,96.27147562037896,3.863168359382932,4.0,2.417486926240581,2.417486926240581,True
1,123,11,12,4,42,42,21,23,56.12051130216955,4.357191583806343,4.0,1.576870048398744,1.576870048398744,True
1,123,12,13,4,32,32,22,29,62.58975075411936,3.842308771925309,4.0,1.6949012956081415,1.6949012956081415,True
1,123,13,14,4,25,25,24,31,36.22363403599352,4.1751677542048125,4.0,1.1432274395109108,1.1432274395109108,True
1,123,14,15,4,24,24,17,23,39.09395756068466,2.0719010910683817,5.0,1.1706037056574066,1.1706037056574066,True
1,123,15,16,4,28,28,13,20,33.07159781663025,2.615006486162626,4.0,1.0132773555171533,1.0132773555171533,True
1,123,16,17,4,21,21,10,18,29.45810612448666,2.0190711967879906,3.0,0.8620079791105195,0.8620079791105195,True
1,123,17,18,4,16,16,8,15,19.15095769763936,3.6302751142924534,3.0,0.705588669521113,0.705588669521113,True
1,123,18,19,4,25,25,16,20,45.64670805666647,2.391542726150995,4.0,1.273805453117464,1.273805453117464,True
1,123,19,20,4,26,26,7,10,25.728375865607372,2.4054899952509006,4.0,0.8475419397873369,0.8475419397873369,True
1,123,20,21,4,34,34,9,11,20.508342727454757,1.6972748444085786,5.0,0.7573554807932308,0.7573554807932308,True
1,123,21,22,4,28,28,6,10,17.689188387687825,3.033977961143804,5.0,0.7504131553247769,0.7504131553247769,True
1,123,22,23,4,32,32,7,9,14.890093379783636,2.302189105497382,4.0,0.6111609937866875,0.6111609937866875,True
1,123,23,24,4,36,36,17,20,21.738119905684634,2.1260603887332157,4.0,0.7508592706711423,0.7508592706711423,True
1,123,24,25,4,38,38,11,12,26.44375587434843,3.3118557347979123,5.0,0.9491261409850971,0.9491261409850971,True
1,123,25,26,4,37,37,12,20,22.196863301898752,4.098182146400722,4.0,0.8395743566110021,0.8395743566110021,True
1,123,26,27,4,31,31,10,14,25.30119840897252,4.422829145369421,3.0,0.8690817031499022,0.8690817031499022,True
1,123,27,28,4,30,30,17,22,28.923798737472957,2.628289954888411,4.0,0.9249272854270998,0.9249272854270998,True
1,123,28,29,4,41,41,17,22,22.65213390564252,4.226395008339993,3.0,0.8044586697402251,0.8044586697402251,True
1,123,29,30,4,38,38,24,26,24.53492229045956,2.713663364661625,4.0,0.8342948693820269,0.8342948693820269,True
1,123,30,31,4,44,44,18,23,45.89467645869507,3.503528735085274,5.0,1.373598502089734,1.373598502089734,True
1,123,31,32,4,32,32,19,26,37.1053077222866,3.616088031510299,4.0,1.1397572581665532,1.1397572581665532,True
1,123,32,33,4,26,26,14,18,65.05267614314715,3.419491725777819,5.0,1.7807655863842657,1.7807655863842657,True
1,123,33,34,4,32,32,6,12,11.671875013894008,3.373745667912347,5.0,0.6350614341570797,0.6350614341570797,True
1,123,34,35,4,25,25,6,10,22.056456224196673,1.970192607006902,4.0,0.7514460519416333,0.7514460519416333,True
1,123,35,36,4,27,27,13,15,30.247140351413833,3.585960406525798,5.0,1.0415914237913282,1.0415914237913282,True
1,123,36,37,4,22,22,20,26,41.57278645473661,2.203652659867415,4.0,1.1789915304247667,1.1789915304247667,True
1,123,37,38,4,32,32,6,8,18.201597291672304,4.113777540717517,4.0,0.7545853293073927,0.7545853293073927,True
1,123,38,39,4,31,31,33,39,54.43970839895709,3.5534244285345875,4.0,1.508702157119035,1.508702157119035,True
1,123,39,40,4,33,33,35,40,54.40344612133348,3.096497464534574,4.0,1.4896480297528145,1.4896480297528145,True
1,123,40,41,4,42,42,35,39,85.93642006279727,3.893887739006459,5.0,2.247250225191628,2.247250225191628,True
1,123,41,42,4,29,29,23,36,106.68204262417463,3.7504087135753554,4.0,2.636060119061042,2.636060119061042,True
1,123,42,43,4,23,23,19,29,25.039415154485738,2.9435123740763327,5.0,0.9042993911306048,0.9042993911306048,True
1,123,43,44,4,31,31,20,30,32.91557327613755,5.557932576903598,5.0,1.1776510161362344,1.1776510161362344,True
1,123,44,45,4,26,26,27,31,32.14350635538988,3.5919878508439678,4.0,1.0324689359349704,1.0324689359349704,True
2,124,0,1,4,36,36,24,24,38.010128921336594,4.051643352104751,2.0,1.07656849668426,1.07656849668426,True
2,124,1,2,4,41,41,14,15,23.917550174324347,3.3306301098380726,3.0,0.7957441367004732,0.7957441367004732,True
2,124,2,3,4,42,42,15,16,21.015843428699863,3.0422741435430303,4.0,0.7720304677852896,0.7720304677852896,True
2,124,3,4,4,25,25,23,28,58.81833169584551,2.5307818020829016,4.0,1.5616240941371482,1.5616240941371482,True
2,124,4,5,4,36,36,17,21,37.6119315688538,3.6729384013949735,3.0,1.102887498245523,1.102887498245523,True
2,124,5,6,4,31,31,35,37,66.68377609693319,1.9729433196274233,4.0,1.7078557920050936,1.7078557920050936,True
2,124,6,7,4,40,40,34,38,86.18649748030562,3.879666229142519,4.0,2.2020401666008214,2.2020401666008214,True
2,124,7,8,4,27,27,28,33,60.81497553539095,2.3641594877307095,5.0,1.6477444266961774,1.6477444266961774,True
2,124,8,9,4,23,23,24,29,35.136134662954575,4.15424122709713,4.0,1.1190868204329119,1.1190868204329119,True
2,124,9,10,4,18,18,29,36,72.30565642470775,3.524922201173164,4.0,1.890403811433521,1.890403811433521,True
2,124,10,11,4,23,23,33,42,53.94111526044322,3.8865935400200518,4.0,1.5113447828960138,1.5113447828960138,True
2,124,11,12,4,29,29,27,34,42.93228350589471,4.7038426099226855,4.0,1.3081312080946512,1.3081312080946512,True
2,124,12,13,4,27,27,29,36,46.03802353062082,3.0641152997256236,4.0,1.3090936876451853,1.3090936876451853,True
2,124,13,14,4,17,17,41,48,112.26921429694099,3.0736076472196148,3.0,2.678713183680377,2.678713183680377,True
2,124,14,15,4,21,21,29,34,57.86234825674579,2.7953947820359946,4.0,1.5517232539259924,1.5517232539259924,True
2,124,15,16,4,24,24,53,59,104.99820946764684,3.678180306757713,4.0,2.597088843719884,2.597088843719884,True
2,124,16,17,4,24,24,53,57,28.195870333772557,3.709588963484445,3.0,0.9025807799773611,0.9025807799773611,True
2,124,17,18,4,24,24,41,54,64.40780129534458,3.486466978057069,3.0,1.6696258497368097,1.6696258497368097,True
2,124,18,19,4,12,12,38,50,68.92215880275188,4.879365721332215,4.0,1.8720780317694004,1.8720780317694004,True
2,124,19,20,4,7,7,30,47,90.46778082583165,3.065604211950995,4.0,2.261219471888718,2.261219471888718,True
2,124,20,21,4,7,7,35,51,79.01271337623047,3.3106447144446673,4.0,2.0255553609255825,2.0255553609255825,True
2,124,21,22,4,8,8,41,53,122.43120272583731,2.8724002480252238,3.0,2.8884217826175225,2.8884217826175225,True
2,124,22,23,4,13,13,38,46,50.83687173928263,4.275870497641033,4.0,1.4603963571759833,1.4603963571759833,True
2,124,23,24,4,13,13,43,53,91.22942273876886,3.5199289611094478,5.0,2.345713359989425,2.345713359989425,True
2,124,24,25,4,10,10,43,55,86.3265573590615,4.027926302591004,4.0,2.210971852654958,2.210971852654958,True
2,124,25,26,4,11,11,47,56,61.648387289780366,3.471933681605151,4.0,1.6599142177594997,1.6599142177594997,True
2,124,26,27,4,17,17,40,53,172.00791602063242,3.7811354192575286,5.0,4.087129331498138,4.087129331498138,True
2,124,27,28,4,15,15,41,50,80.65350712362884,4.347577520974543,5.0,2.1521925392024572,2.1521925392024572,True
2,124,28,29,4,16,16,36,47,85.94753621931791,3.066831489558778,4.0,2.164406178567735,2.164406178567735,True
2,124,29,30,4,24,24,33,45,70.10444669047584,6.515172219812424,4.0,1.9628450321598363,1.9628450321598363,True
2,124,30,31,4,24,24,29,37,66.02092187362365,6.165530985830022,4.0,1.8613552795822788,1.8613552795822788,True
2,124,31,32,4,16,16,40,42,51.01409829735554,3.94338834697434,5.0,1.5008947831080208,1.5008947831080208,True
2,124,32,33,4,19,19,60,70,84.15791272344097,3.3886265122215264,4.0,2.1389289045625963,2.1389289045625963,True
2,124,33,34,4,17,17,57,69,122.1071609670852,3.0324508148383758,5.0,2.9878800533167893,2.9878800533167893,True
2,124,34,35,4,14,14,36,57,82.94586072831831,5.404976409896578,4.0,2.1936103577169694,2.1936103577169694,True
2,124,35,36,4,11,11,36,52,146.85764916613445,3.8995677428395235,5.0,3.552932334702176,3.552932334702176,True
2,124,36,37,4,11,11,27,46,96.99166180896101,3.561412409809418,5.0,2.470849249441541,2.470849249441541,True
2,124,37,38,4,11,11,28,44,63.08542121565748,3.8683206125247427,4.0,1.7065632791222216,1.7065632791222216,True
2,124,38,39,4,8,8,39,51,135.2898590677952,3.327874655870983,4.0,3.232183394830451,3.232183394830451,True
2,124,39,40,4,7,7,47,54,79.92064540369796,3.944075663049686,4.0,2.070348285172658,2.070348285172658,True
2,124,40,41,4,11,11,49,54,114.57121531290886,3.000526499031791,4.0,2.7751185309521755,2.7751185309521755,True
2,124,41,42,4,12,12,66,69,74.98498126480045,3.107029676825429,4.0,1.931102214175884,1.931102214175884,True
2,124,42,43,4,15,15,52,61,74.06397709902687,3.236716690148508,5.0,1.966553891156516,1.966553891156516,True
2,124,43,44,4,15,15,39,63,63.216310185199944,5.1022238279336305,5.0,1.80872417137163,1.80872417137163,True
2,124,44,45,4,15,15,51,74,84.11605076242486,5.084017424562384,5.0,2.2558474990344566,2.2558474990344566,True
3,125,0,1,4,30,30,10,10,42.091450191107135,1.1989541993743615,2.0,1.04991781492727,1.04991781492727,True
3,125,1,2,4,42,42,21,21,23.38897694156944,2.921405707576044,3.0,0.7680485913366726,0.7680485913366726,True
3,125,2,3,4,27,27,20,22,25.75148640620363,3.0212518114040905,3.0,0.8226676383033843,0.8226676383033843,True
3,125,3,4,4,38,38,16,17,18.338674808851504,3.4201137913646864,4.0,0.7297761547014054,0.7297761547014054,True
3,125,4,5,4,27,27,29,35,46.762050371107804,3.7619908043952517,4.0,1.3525235686995487,1.3525235686995487,True
3,125,5,6,4,29,29,30,37,85.2111992087716,3.2028094368970415,3.0,2.1040666462352733,2.1040666462352733,True
3,125,6,7,4,38,38,26,27,16.004727640108154,3.0768160958686774,4.0,0.6660310932656361,0.6660310932656361,True
3,125,7,8,4,42,42,14,16,19.498206462774966,2.7051678759809876,4.0,0.726025424955846,0.726025424955846,True
3,125,8,9,4,42,42,22,28,23.15419020105817,3.2049235510571332,3.0,0.7743581606363891,0.7743581606363891,True
3,125,9,10,4,30,30,43,47,51.59257275920349,3.780567507499412,3.0,1.4067778308543368,1.4067778308543368,True
3,125,10,11,4,7,7,46,61,79.11077492184238,4.128785677180046,3.0,2.0103823182695386,2.0103823182695386,True
3,125,11,12,4,28,28,25,38,38.92139771450695,3.4431981496381314,3.0,1.1217578770106744,1.1217578770106744,True
3,125,12,13,4,13,13,36,50,63.89436700971729,2.510242892293051,5.0,1.7195747230428067,1.7195747230428067,True
3,125,13,14,4,10,10,42,49,69.59305274710087,2.7516792599052375,4.0,1.8013468721197996,1.8013468721197996,True
3,125,14,15,4,17,17,33,40,59.25354683743169,2.7390158253576375,4.0,1.5792794938164132,1.5792794938164132,True
3,125,15,16,4,23,23,32,35,75.23154081841622,2.5964403494373984,3.0,1.8659620600864146,1.8659620600864146,True
3,125,16,17,4,9,9,32,39,62.65950754245812,3.9017119350320475,4.0,1.698772210453956,1.698772210453956,True
3,125,17,18,4,18,18,24,32,119.95032927685789,4.046304361963606,4.0,2.932216373268356,2.932216373268356,True
3,125,18,19,4,18,18,24,32,95.43926037459153,3.252551072720841,4.0,2.375229050935795,2.375229050935795,True
3,125,19,20,4,15,15,19,25,70.57706748082443,3.0043784667615303,4.0,1.832540870402413,1.832540870402413,True
3,125,20,21,4,23,23,20,24,107.73431849079901,3.978643016594894,5.0,2.717738259752346,2.717738259752346,True
3,125,21,22,4,25,25,23,28,64.66376057043502,3.5330549760281427,4.0,1.7269742112647333,1.7269742112647333,True
3,125,22,23,4,25,25,27,32,42.93635647623968,3.172614008823075,4.0,1.2469693419866303,1.2469693419866303,True
3,125,23,24,4,36,36,20,25,18.292696942277622,4.878157847870292,4.0,0.7871126769636179,0.7871126769636179,True
3,125,24,25,4,33,33,18,27,82.2074634678476,5.1105129965234175,4.0,2.1660090227433852,2.1660090227433852,True
3,125,25,26,4,28,28,32,36,63.69737763769648,4.941387552247761,5.0,1.8125993086119778,1.8125993086119778,True
3,125,26,27,4,26,26,28,33,49.71496322143981,2.899181564471655,3.0,1.3312879030382905,1.3312879030382905,True
3,125,27,28,4,29,29,25,32,64.94956678732932,3.353715925872287,4.0,1.725925068191948,1.725925068191948,True
3,125,28,29,4,24,24,30,35,42.42931277843786,2.5498847382089784,4.0,1.2111949490663132,1.2111949490663132,True
3,125,29,30,4,19,19,29,34,104.46402085479505,4.806632499408442,4.0,2.6307800325790893,2.6307800325790893,True
3,125,30,31,4,30,30,25,29,31.188044681535878,4.9322640450909,4.0,1.0656058049794048,1.0656058049794048,True
3,125,31,32,4,27,27,21,28,41.45273600260565,4.313069768977584,4.0,1.2607957051006529,1.2607957051006529,True
3,125,32,33,4,25,25,21,27,52.95876009142952,3.512200858521586,4.0,1.4753186077286389,1.4753186077286389,True
3,125,33,34,4,31,31,19,22,29.853656075901835,2.7522578924586316,5.0,0.9998115173248132,0.9998115173248132,True
3,125,34,35,4,37,37,16,22,22.38016451193276,3.6025079536142584,5.0,0.8736752719717009,0.8736752719717009,True
3,125,35,36,4,29,29,28,33,41.638645355886965,2.84175826571712,4.0,1.2059270168262626,1.2059270168262626,True
3,125,36,37,4,28,28,23,27,44.896782289622664,3.0504048459168795,4.0,1.284090100042875,1.284090100042875,True
3,125,37,38,4,26,26,17,21,44.77159036905593,2.2810561382376666,4.0,1.2506334677235622,1.2506334677235622,True
3,125,38,39,4,24,24,18,21,25.902368133727574,3.9437045942109155,5.0,0.9627989294911703,0.9627989294911703,True
3,125,39,40,4,20,20,18,28,35.66894476734642,2.723375461233809,5.0,1.123269549178204,1.123269549178204,True
3,125,40,41,4,32,32,35,39,85.79613437467242,2.7242622488757964,4.0,2.1474590836980125,2.1474590836980125,True
3,125,41,42,4,38,38,30,31,45.83364601658226,4.2341779840433444,5.0,1.401516676859925,1.401516676859925,True
3,125,42,43,4,22,22,27,32,56.71847308876106,4.21453180409153,5.0,1.633977124065684,1.633977124065684,True
3,125,43,44,4,20,20,20,27,50.88536829390653,4.6110778013569265,5.0,1.524843861209417,1.524843861209417,True
3,125,44,45,4,20,20,26,37,152.63645372332246,2.4202072932346104,5.0,3.6175894429434368,3.6175894429434368,True
4,126,0,1,4,45,45,29,29,4.940505754173208,1.956043335072504,3.0,0.3341097138494689,0.3341097138494689,True
4,126,1,2,4,37,37,30,34,50.72843460620621,3.461628412458087,3.0,1.3755030209170278,1.3755030209170278,True
4,126,2,3,4,47,47,25,25,43.87219961786082,4.8068319050099335,4.0,1.332391839440272,1.332391839440272,True
4,126,3,4,4,35,35,24,29,54.74333986429216,3.6115152829400357,4.0,1.5175321798381478,1.5175321798381478,True
4,126,4,5,4,34,34,26,30,74.27338604446079,5.362730552720738,4.0,2.006081780204418,2.006081780204418,True
4,126,5,6,4,37,37,22,28,37.601729596611044,3.2001998027950322,3.0,1.0837593406106096,1.0837593406106096,True
4,126,6,7,4,40,40,40,51,52.419766320313144,2.2883917828512796,5.0,1.4648163781779042,1.4648163781779042,True
4,126,7,8,4,24,24,31,35,65.94827569714091,3.3365476518554713,3.0,1.6966392424415244,1.6966392424415244,True
4,126,8,9,4,24,24,31,42,55.102034148463254,4.597317652267399,3.0,1.5146505807006228,1.5146505807006228,True
4,126,9,10,4,23,23,42,48,107.59832599733235,3.1104981714435174,4.0,2.6300983410862915,2.6300983410862915,True
4,126,10,11,4,12,12,42,51,114.84082365895611,5.871514042882518,4.0,2.8957353544072175,2.8957353544072175,True
4,126,11,12,4,18,18,48,56,81.76534060348246,4.942142982576237,4.0,2.149800160806245,2.149800160806245,True
4,126,12,13,4,29,29,37,47,93.20934031968955,2.1533944121819633,3.0,2.2334787833377683,2.2334787833377683,True
4,126,13,14,4,15,15,50,58,62.31863702300413,3.3061586645777425,3.0,1.6176457113617695,1.6176457113617695,True
4,126,14,15,4,26,26,33,42,58.37503801516234,3.5037818956889777,4.0,1.5910449475810378,1.5910449475810378,True
4,126,15,16,4,18,18,36,43,82.64846905494753,2.71469891847931,3.0,2.029626579345191,2.029626579345191,True
4,126,16,17,4,16,16,43,52,96.89028896797528,2.931754357753501,4.0,2.3934906521953248,2.3934906521953248,True
4,126,17,18,4,13,13,38,48,98.79961161927757,3.049313762736468,4.0,2.439107085208264,2.439107085208264,True
4,126,18,19,4,21,21,38,52,54.561223413365234,2.21609182146567,4.0,1.4578127460021675,1.4578127460021675,True
4,126,19,20,4,12,12,38,51,79.08283381758537,3.1029730379460188,4.0,2.018751074751813,2.018751074751813,True
4,126,20,21,4,11,11,45,51,82.78900641962316,3.2052264642343897,4.0,2.1022591961327293,2.1022591961327293,True
4,126,21,22,4,16,16,44,57,210.70026396007262,3.3916826335868486,4.0,4.850672961630744,4.850672961630744,True
4,126,22,23,4,8,8,38,62,108.80078916175344,3.456975580999036,4.0,2.6697245052775354,2.6697245052775354,True
4,126,23,24,4,7,7,32,40,118.88714432543992,3.0916774280443255,5.0,2.9212487612383424,2.9212487612383424,True
4,126,24,25,4,7,7,33,54,92.72448797768212,4.484093703334535,5.0,2.4163170619408554,2.4163170619408554,True
4,126,25,26,4,9,9,30,45,61.08806708082726,3.47628022351261,5.0,1.6980812178153744,1.6980812178153744,True
4,126,26,27,4,10,10,38,42,63.50323769935637,3.867926698108689,4.0,1.7155007329105552,1.7155007329105552,True
4,126,27,28,4,11,11,33,50,63.62080059691956,3.6579718867205275,4.0,1.7096217454028115,1.7096217454028115,True
4,126,28,29,4,13,13,30,38,71.7264940871084,2.4851937860480877,4.0,1.8364040533085322,1.8364040533085322,True
4,126,29,30,4,10,10,70,77,109.00016825967072,3.5799500176569077,4.0,2.6789158919849343,2.6789158919849343,True
4,126,30,31,4,27,27,54,59,79.98323613738415,3.5197421949575074,4.0,2.0547161764565325,2.0547161764565325,True
4,126,31,32,4,25,25,57,66,87.10659050828241,2.491256176542811,4.0,2.166220043667764,2.166220043667764,True
4,126,32,33,4,26,26,51,61,89.93917124812293,3.5677282980580154,4.0,2.2699770872392406,2.2699770872392406,True
4,126,33,34,4,6,6,53,82,83.89794092853026,3.083760228747269,4.0,2.121163429046968,2.121163429046968,True
4,126,34,35,4,6,6,66,97,102.00113509549186,3.65753611078156,4.0,2.5320400536203738,2.5320400536203738,True
4,126,35,36,4,9,9,64,101,80.21063772681853,2.995437778379225,4.0,2.038616890995566,2.038616890995566,True
4,126,36,37,4,5,5,68,105,99.90580663130869,2.7737753304604365,4.0,2.451789726746461,2.451789726746461,True
4,126,37,38,4,12,12,61,78,83.69210555495103,3.9635160710786295,4.0,2.1519429047349528,2.1519429047349528,True
4,126,38,39,4,8,8,61,89,78.08683311156764,4.590867869880215,4.0,2.0569239957573724,2.0569239957573724,True
4,126,39,40,4,6,6,66,98,148.0809337578079,3.8645422464437917,5.0,3.577744556096493,3.577744556096493,True
4,126,40,41,4,7,7,59,95,80.22925433633309,3.0330179204827195,5.0,2.090519024026446,2.090519024026446,True
4,126,41,42,4,6,6,39,104,107.72923040035356,3.857055588361012,4.0,2.6627657321134457,2.6627657321134457,True
4,126,42,43,4,7,7,26,91,27.66669303002287,3.5758334721433735,5.0,0.9858910466719393,0.9858910466719393,True
4,126,43,44,4,3,3,25,84,75.88121873741464,2.940944777395877,4.0,1.9436639068975772,1.9436639068975772,True
4,126,44,45,4,3,3,39,100,83.05686818402013,2.159578616109502,4.0,2.066173177159097,2.066173177159097,True
5,127,0,1,4,34,34,10,10,17.19822639325265,1.810842662576522,2.0,0.5409671292156176,0.5409671292156176,True
5,127,1,2,4,29,29,25,25,50.26583222122261,2.181752866088012,2.0,1.2643950908125765,1.2643950908125765,True
5,127,2,3,4,35,35,22,25,21.156497842960214,3.5387395282125453,2.0,0.6949031063347921,0.6949031063347921,True
5,127,3,4,4,35,35,19,21,45.097203444264125,2.910152109053676,3.0,1.232774729596378,1.232774729596378,True
5,127,4,5,4,42,42,19,23,26.366641842569322,3.049791175158801,3.0,0.836991115061409,0.836991115061409,True
5,127,5,6,4,28,28,6,10,19.855040441445134,2.993380167954395,4.0,0.7452003590348573,0.7452003590348573,True
5,127,6,7,4,33,33,30,35,26.885303632542083,2.876908893355661,3.0,0.8411900050029855,0.8411900050029855,True
5,127,7,8,4,38,38,30,34,37.27106889726368,4.088117685790712,4.0,1.1621904695158503,1.1621904695158503,True
5,127,8,9,4,35,35,18,25,39.8691444912442,2.5769286760978503,3.0,1.1074159575705755,1.1074159575705755,True
5,127,9,10,4,31,31,19,25,41.10563901044407,3.159101897456397,4.0,1.2071991975506287,1.2071991975506287,True
5,127,10,11,4,28,28,7,12,25.44444735228518,4.074269503703605,4.0,0.9082089376971123,0.9082089376971123,True
5,127,11,12,4,23,23,13,16,28.481767841182016,3.2370580067697423,4.0,0.9398059168675472,0.9398059168675472,True
5,127,12,13,4,26,26,7,9,9.64905508124251,3.2993474292406972,3.0,0.48873936319625316,0.48873936319625316,True
5,127,13,14,4,28,28,15,19,41.80433949953934,2.7380574365444774,4.0,1.2053295724519077,1.2053295724519077,True
5,127,14,15,4,30,30,11,13,19.89266314369579,3.5086471210997843,4.0,0.7666172379231868,0.7666172379231868,True
5,127,15,16,4,36,36,20,23,53.182207635500475,3.362886903881857,5.0,1.5241342112017129,1.5241342112017129,True
5,127,16,17,4,35,35,21,23,34.38737704093244,2.0325058896178234,5.0,1.068172600747551,1.068172600747551,True
5,127,17,18,4,41,41,10,16,17.32163278768396,3.3088921705092313,5.0,0.7535335322707398,0.7535335322707398,True
5,127,18,19,4,32,32,17,23,29.202294030640864,5.170384132118367,5.0,1.0825788087984676,1.0825788087984676,True
5,127,19,20,4,27,27,33,35,32.46893380386195,3.412568567194588,3.0,0.9822656099133967,0.9822656099133967,True
5,127,20,21,4,42,42,55,58,43.760072776985844,2.371136789265923,4.0,1.232561316791762,1.232561316791762,True
5,127,21,22,4,40,40,65,70,58.17910222325566,4.20605359648968,5.0,1.6649371915007798,1.6649371915007798,True
5,127,22,23,4,28,28,77,81,68.92753286890631,2.265793652839784,4.0,1.767650307590155,1.767650307590155,True
5,127,23,24,4,22,22,81,85,62.411395487868454,2.5701076222764336,5.0,1.6901913510596671,1.6901913510596671,True
5,127,24,25,4,12,12,62,76,87.57860008563156,2.646755439493063,4.0,2.1825545051289703,2.1825545051289703,True
5,127,25,26,4,9,9,54,89,127.35778144409639,4.475963457304291,4.0,3.10813385495138,3.10813385495138,True
5,127,26,27,4,7,7,38,82,67.44998142711205,2.690623242594059,4.0,1.7529816745704492,1.7529816745704492,True
5,127,27,28,4,10,10,55,92,87.448110085313,4.655817624396635,4.0,2.2601207782325727,2.2601207782325727,True
5,127,28,29,4,12,12,54,94,88.92310132247496,5.776958148704095,5.0,2.386573354286913,2.386573354286913,True
5,127,29,30,4,9,9,51,93,87.67754880270898,4.038190586359269,5.0,2.2903322406552773,2.2903322406552773,True
5,127,30,31,4,10,10,40,89,52.429473780198585,2.9399536467183984,5.0,1.491086869730134,1.491086869730134,True
5,127,31,32,4,13,13,28,84,36.188053172079655,5.462594350477108,4.0,1.193962056277934,1.193962056277934,True
5,127,32,33,4,9,9,46,94,78.753217416991,3.2827888576878954,3.0,1.968880498957323,1.968880498957323,True
5,127,33,34,4,10,10,43,93,89.21113987605628,3.210156767754476,5.0,2.290073553768528,2.290073553768528,True
5,127,34,35,4,6,6,40,86,111.33335732967019,4.634957948296505,5.0,2.8211131178533644,2.8211131178533644,True
5,127,35,36,4,6,6,25,82,59.66453077190897,3.9240891269148657,4.0,1.6354892244746437,1.6354892244746437,True
5,127,36,37,4,7,7,22,74,94.22357949117705,2.8417481788419536,4.0,2.3327466305360436,2.3327466305360436,True
5,127,37,38,4,4,4,27,72,42.19593307269464,3.4303256584484187,5.0,1.2914115921813933,1.2914115921813933,True
5,127,38,39,4,5,5,41,86,74.47809855504987,2.7971670791705643,5.0,1.9578459379178912,1.9578459379178912,True
5,127,39,40,4,5,5,41,87,78.76565678295,2.491062709489294,4.0,1.9874780108713574,1.9874780108713574,True
5,127,40,41,4,8,8,49,82,53.966259152586595,3.1491470440640112,4.0,1.4823857207465587,1.4823857207465587,True
5,127,41,42,4,13,13,30,77,61.516803936891,3.8390454042397324,5.0,1.7217790433886822,1.7217790433886822,True
5,127,42,43,4,14,14,36,80,58.44521613799936,4.186400970674488,4.0,1.619853527498394,1.619853527498394,True
5,127,43,44,4,16,16,41,78,40.33885094509788,2.722537013170707,5.0,1.2233054293503545,1.2233054293503545,True
5,127,44,45,4,12,12,56,90,96.33165953449287,3.9807865008054555,4.0,2.4234813071999226,2.4234813071999226,True
6,128,0,1,4,46,46,17,17,18.41826712484376,2.940814886812571,3.0,0.6623097481477263,0.6623097481477263,True
6,128,1,2,4,35,35,27,27,81.99959427941023,3.325722486546859,2.0,1.9901630625920936,1.9901630625920936,True
6,128,2,3,4,45,45,23,23,26.3572728088535,3.5016894183880445,4.0,0.9048662797823825,0.9048662797823825,True
6,128,3,4,4,34,34,23,23,36.15393793769175,3.560986918517089,3.0,1.0671667182626496,1.0671667182626496,True
6,128,4,5,4,34,34,18,19,24.317969136582654,3.738632397673124,4.0,0.8706446345479819,0.8706446345479819,True
6,128,5,6,4,26,26,20,24,142.57841560998594,3.8210753008540452,4.0,3.4080947751052895,3.4080947751052895,True
6,128,6,7,4,30,30,22,27,39.84540849286164,3.3557778923020427,4.0,1.1880612976819738,1.1880612976819738,True
6,128,7,8,4,27,27,23,29,44.97314095554112,4.64700094464121,3.0,1.2995902011186722,1.2995902011186722,True
6,128,8,9,4,31,31,19,22,55.444231256056355,3.027593477107439,4.0,1.5091944088569336,1.5091944088569336,True
6,128,9,10,4,31,31,12,15,32.23491734941458,2.899783499334626,4.0,1.0067395688894119,1.0067395688894119,True
6,128,10,11,4,32,32,9,14,31.45206374020732,3.4652694792376377,4.0,1.0125835736025195,1.0125835736025195,True
6,128,11,12,4,29,29,7,8,36.970291016994594,2.9470131072735968,4.0,1.110101046083685,1.110101046083685,True
6,128,12,13,4,23,23,12,13,42.64073529816671,3.314608593809438,4.0,1.2463143858559498,1.2463143858559498,True
6,128,13,14,4,30,30,16,19,55.32768213861956,3.219389366207179,4.0,1.5143687633329919,1.5143687633329919,True
6,128,14,15,4,35,35,22,24,29.076251683783177,3.3486623368378785,4.0,0.9570090295545832,0.9570090295545832,True
6,128,15,16,4,42,42,21,26,29.15313839923893,3.740347674998702,4.0,0.9743240155550681,0.9743240155550681,True
6,128,16,17,4,44,44,19,24,27.108840475641323,4.110011007479625,4.0,0.9453041647772134,0.9453041647772134,True
6,128,17,18,4,34,34,18,21,51.17339393313198,4.20584894456224,4.0,1.464806684921032,1.464806684921032,True
6,128,18,19,4,34,34,11,12,16.259074832035417,5.602130370925321,5.0,0.8224939612377717,0.8224939612377717,True
6,128,19,20,4,29,29,13,14,25.53815839029984,4.444673407424004,3.0,0.8750331875176711,0.8750331875176711,True
6,128,20,21,4,32,32,7,7,35.82713806667154,3.9301033188169336,5.0,1.1749285198956387,1.1749285198956387,True
6,128,21,22,4,31,31,9,11,47.07788114259745,3.632647148276131,4.0,1.3541176247009905,1.3541176247009905,True
6,128,22,23,4,26,26,9,17,51.790385510398046,3.9054889898194234,4.0,1.466013534815592,1.466013534815592,True
6,128,23,24,4,33,33,18,22,128.69050593719555,2.150043012967944,5.0,3.093655419172908,3.093655419172908,True
6,128,24,25,4,32,32,19,25,36.59352326938514,3.490313768115569,4.0,1.1237594779257327,1.1237594779257327,True
6,128,25,26,4,39,39,11,14,22.856764824776807,2.622177628265369,5.0,0.8446749228044035,0.8446749228044035,True
6,128,26,27,4,42,42,13,16,14.744959744880763,4.6586407620898775,4.0,0.7023090535881829,0.7023090535881829,True
6,128,27,28,4,36,36,23,27,36.642095456221185,3.5548202512244944,4.0,1.127380569825148,1.127380569825148,True
6,128,28,29,4,38,38,13,16,21.796949777753227,5.842563085896594,4.0,0.9007800186734329,0.9007800186734329,True
6,128,29,30,4,36,36,11,17,23.256054668241106,2.78753393400184,4.0,0.8098453859652401,0.8098453859652401,True
6,128,30,31,4,31,31,10,15,35.94481202223475,4.677803522639199,4.0,1.1573581128105983,1.1573581128105983,True
6,128,31,32,4,24,24,22,27,63.2216190420869,2.6276832583110568,4.0,1.6598563098057328,1.6598563098057328,True
6,128,32,33,4,28,28,21,26,47.91440909287865,2.8872015767359698,4.0,1.3422254007739811,1.3422254007739811,True
6,128,33,34,4,40,40,13,20,29.915921171895125,4.555760899800953,5.0,1.073285889675505,1.073285889675505,True
6,128,34,35,4,38,38,21,33,26.322618511310246,5.748605004047567,4.0,0.9940003111185507,0.9940003111185507,True
6,128,35,36,4,38,38,23,27,30.456404737051717,5.187630240612392,5.0,1.1101424539898896,1.1101424539898896,True
6,128,36,37,4,39,39,18,25,46.98317894165272,3.7834739781043027,4.0,1.35812136501673,1.35812136501673,True
6,128,37,38,4,29,29,14,21,87.70430818753579,2.9289111311222467,5.0,2.2465344778349428,2.2465344778349428,True
6,128,38,39,4,39,39,14,19,26.004034350317305,2.966907420558224,5.0,0.9259056043291283,0.9259056043291283,True
6,128,39,40,4,37,37,15,25,34.73089870684615,3.3488069638243663,5.0,1.1281858222711065,1.1281858222711065,True
6,128,40,41,4,33,33,17,24,31.541576212403875,4.04312985584329,4.0,1.0376161130709574,1.0376161130709574,True
6,128,41,42,4,33,33,18,26,35.23161989915541,2.230068221877688,4.0,1.0441660124284378,1.0441660124284378,True
6,128,42,43,4,33,33,9,12,19.481872442313097,3.4326361285840297,4.0,0.7547741403357846,0.7547741403357846,True
6,128,43,44,4,26,26,7,12,20.42443684233243,3.635462166398793,5.0,0.8330849904202181,0.8330849904202181,True
6,128,44,45,4,23,23,6,9,15.918829960147898,3.5653598020073938,5.0,0.7337321769406079,0.7337321769406079,True
7,129,0,1,4,39,39,37,37,83.78880813888193,2.9380456013657863,2.0,2.01299628417353,2.01299628417353,True
7,129,1,2,4,47,47,35,36,23.216785792077392,4.745551752819839,5.0,0.9373246228001663,0.9373246228001663,True
7,129,2,3,4,30,30,30,35,41.33588666345085,4.916968304757939,3.0,1.2324477321214071,1.2324477321214071,True
7,129,3,4,4,20,20,33,37,92.87483573078933,4.281101961872476,5.0,2.411419129848956,2.411419129848956,True
7,129,4,5,4,23,23,46,50,76.32495078585887,3.166911162264144,3.0,1.9122111061875415,1.9122111061875415,True
7,129,5,6,4,22,22,43,50,58.70868469973845,3.776436386264595,5.0,1.6591006990164079,1.6591006990164079,True
7,129,6,7,4,21,21,52,56,55.129682372667986,3.6729621482759587,3.0,1.4782688224882095,1.4782688224882095,True
7,129,7,8,4,24,24,43,51,59.858100589652246,4.13233977610101,4.0,1.6479671751080172,1.6479671751080172,True
7,129,8,9,4,18,18,36,45,36.596340258096824,3.479358140516403,5.0,1.173381616865588,1.173381616865588,True
7,129,9,10,4,12,12,48,60,75.36489314443352,3.4685801644313567,5.0,2.0037052025294013,2.0037052025294013,True
7,129,10,11,4,13,13,52,60,57.626791114734445,3.1661242225078845,4.0,1.5615047785017677,1.5615047785017677,True
7,129,11,12,4,14,14,44,49,34.44868398076552,3.9375880718421588,4.0,1.0956896081758045,1.0956896081758045,True
7,129,12,13,4,22,22,35,42,89.33995240200613,3.6869840547558246,3.0,2.211906913661793,2.211906913661793,True
7,129,13,14,4,11,11,32,39,73.17945060372175,3.313079268606816,5.0,1.9506542551097386,1.9506542551097386,True
7,129,14,15,4,15,15,32,39,40.4125266394616,3.8549584359019113,3.0,1.170181051138825,1.170181051138825,True
7,129,15,16,4,13,13,52,60,56.14707125065956,2.4008826630806044,5.0,1.5491868333230718,1.5491868333230718,True
7,129,16,17,4,26,26,38,44,54.46803512547649,3.549131039742497,4.0,1.5091374228499104,1.5091374228499104,True
7,129,17,18,4,20,20,56,66,77.80180279999205,5.749826807546802,4.0,2.0971745608731305,2.0971745608731305,True
7,129,18,19,4,24,24,47,57,119.0457274582086,3.4816987108602917,4.0,2.890247822538882,2.890247822538882,True
7,129,19,20,4,7,7,41,55,124.773553679428,2.2849888284383875,5.0,3.0151185605538497,3.0151185605538497,True
7,129,20,21,4,8,8,40,63,54.509370036457526,2.2089309516838207,4.0,1.4564151674200139,1.4564151674200139,True
7,129,21,22,4,10,10,50,66,54.809370264382665,3.7258577984454555,4.0,1.523520817603161,1.523520817603161,True
7,129,22,23,4,15,15,63,72,73.69067877847823,4.07102337196593,4.0,1.9419269087031708,1.9419269087031708,True
7,129,23,24,4,17,17,65,77,66.61344656863045,3.834348567118286,5.0,1.8308049405839553,1.8308049405839553,True
7,129,24,25,4,16,16,53,71,93.3191201262901,2.879106921561591,5.0,2.364859708140109,2.364859708140109,True
7,129,25,26,4,8,8,57,80,200.1544948304568,2.3667813471193466,4.0,4.583696143108848,4.583696143108848,True
7,129,26,27,4,5,5,44,74,62.31092940972327,3.1525416887210063,5.0,1.7113358691857674,1.7113358691857674,True
7,129,27,28,4,7,7,59,97,82.69211712298474,4.359639112322717,4.0,2.1463595028425817,2.1463595028425817,True
7,129,28,29,4,5,5,62,96,42.25815981155014,3.69327813957716,4.0,1.2532631215448748,1.2532631215448748,True
7,129,29,30,4,9,9,76,104,76.43558784538297,2.9142274770575267,4.0,1.9544745529119358,1.9544745529119358,True
7,129,30,31,4,10,10,52,99,62.4364316990441,2.773636537742277,4.0,1.648868997917779,1.648868997917779,True
7,129,31,32,4,11,11,42,91,59.781177486295036,2.275595349145442,4.0,1.572049045814997,1.572049045814997,True
7,129,32,33,4,8,8,50,103,68.61091558551091,4.2382114940674604,5.0,1.8897623651665036,1.8897623651665036,True
7,129,33,34,4,7,7,41,91,91.69296681505871,3.5091991550228463,4.0,2.3052172550950294,2.3052172550950294,True
7,129,34,35,4,12,12,43,93,58.94006647609736,5.080808808433843,4.0,1.6662337768251543,1.6662337768251543,True
7,129,35,36,4,14,14,29,89,62.000853818209066,2.5963416659115564,4.0,1.6324433913123708,1.6324433913123708,True
7,129,36,37,4,8,8,32,82,118.49944377248548,3.212000065509346,4.0,2.867753797745063,2.867753797745063,True
7,129,37,38,4,6,6,56,106,90.5463624780669,3.8437759052780165,4.0,2.294030232169697,2.294030232169697,True
7,129,38,39,4,6,6,59,107,104.95560609771513,3.8783119626035236,4.0,2.6041811805980366,2.6041811805980366,True
7,129,39,40,4,5,5,68,106,103.79683736491819,3.1779112437761796,5.0,2.601334393285008,2.601334393285008,True
7,129,40,41,4,7,7,46,101,103.8479784635561,3.1286080599495714,4.0,2.550458146617042,2.550458146617042,True
7,129,41,42,4,11,11,29,85,118.58053283304152,3.6525553483392286,4.0,2.887113631784459,2.887113631784459,True
7,129,42,43,4,10,10,29,82,65.79969227266568,4.090795157740164,5.0,1.8236252121524426,1.8236252121524426,True
7,129,43,44,4,9,9,36,89,55.5701975435605,3.116108885616753,5.0,1.5654343027866806,1.5654343027866806,True
7,129,44,45,4,8,8,44,93,79.8674262226409,3.8299696213095253,4.0,2.0646436324804003,2.0646436324804003,True
8,130,0,1,4,33,33,9,9,17.697367159176455,2.30581185395186,3.0,0.6214617704261413,0.6214617704261413,True
8,130,1,2,4,34,34,17,18,20.64143230904993,2.1389919530633352,2.0,0.6278760847450319,0.6278760847450319,True
8,130,2,3,4,35,35,14,16,20.150147789525498,3.323381678837177,2.0,0.6647241483576048,0.6647241483576048,True
8,130,3,4,4,44,44,18,21,24.22569036486963,3.3480505112086574,4.0,0.8530439568384098,0.8530439568384098,True
8,130,4,5,4,42,42,17,22,55.93753655936421,4.219904566814299,3.0,1.5174576803732336,1.5174576803732336,True
8,130,5,6,4,44,44,14,20,19.07376615335377,3.9437871168422136,4.0,0.7664750451026978,0.7664750451026978,True
8,130,6,7,4,42,42,10,11,4.620759865871108,5.419207741927676,3.0,0.4657845925172023,0.4657845925172023,True
8,130,7,8,4,37,37,15,18,34.3607970686215,3.289592266717652,4.0,1.0678864849963097,1.0678864849963097,True
8,130,8,9,4,39,39,22,24,35.95810769971706,4.065734472869614,4.0,1.1331602581944358,1.1331602581944358,True
8,130,9,10,4,47,47,42,47,35.17408959249954,4.09128029257469,5.0,1.1673817029708347,1.1673817029708347,True
8,130,10,11,4,40,40,48,57,51.96856937170433,3.7355747254666616,5.0,1.5130351898409022,1.5130351898409022,True
8,130,11,12,4,40,40,45,49,58.325474617316466,5.0088377667984485,4.0,1.6501851096144338,1.6501851096144338,True
8,130,12,13,4,27,27,33,41,81.4026241548419,4.6768143837130385,4.0,2.131414521523705,2.131414521523705,True
8,130,13,14,4,19,19,52,67,156.57279871864546,5.210139415677259,4.0,3.763536977740922,3.763536977740922,True
8,130,14,15,4,11,11,52,61,59.58337381244091,4.799106520475471,4.0,1.6687508425141813,1.6687508425141813,True
8,130,15,16,4,8,8,47,54,72.08977834103217,3.7651165747425694,5.0,1.9453856274403922,1.9453856274403922,True
8,130,16,17,4,8,8,38,48,138.78041178592667,3.383861006357741,5.0,3.359220407095595,3.359220407095595,True
8,130,17,18,4,13,13,43,56,86.03453154325894,3.6308472750894,4.0,2.1888309955019816,2.1888309955019816,True
8,130,18,19,4,6,6,40,62,73.85371763334315,3.4425076562346173,4.0,1.9202799698210236,1.9202799698210236,True
8,130,19,20,4,14,14,46,57,70.19975477090364,4.246453781683522,5.0,1.9241386106438474,1.9241386106438474,True
8,130,20,21,4,11,11,52,66,174.9176294822098,4.580519423888836,4.0,4.1314556944314775,4.1314556944314775,True
8,130,21,22,4,8,8,53,66,180.74945875855403,3.2285595216476697,4.0,4.202345068549207,4.202345068549207,True
8,130,22,23,4,13,13,62,76,72.46758991665111,5.231958365741351,4.0,1.962155261415035,1.962155261415035,True
8,130,23,24,4,12,12,68,82,70.09047247371598,4.356797718723586,5.0,1.9262106046142857,1.9262106046142857,True
8,130,24,25,4,10,10,60,86,79.15864172369237,4.310819461902671,4.0,2.0686893868409433,2.0686893868409433,True
8,130,25,26,4,12,12,48,87,37.72615148891748,4.4871403298143075,5.0,1.2379031450979467,1.2379031450979467,True
8,130,26,27,4,8,8,48,86,88.24034229927365,4.932822712346873,5.0,2.338177386335453,2.338177386335453,True
8,130,27,28,4,10,10,43,85,66.58175810672148,2.8894939148075838,4.0,1.7423317160220493,1.7423317160220493,True
8,130,28,29,4,11,11,47,89,89.44852742890276,5.140464139734589,5.0,2.372372724780157,2.372372724780157,True
8,130,29,30,4,9,9,51,89,79.3564359036905,4.105225196821751,5.0,2.114704062951952,2.114704062951952,True
8,130,30,31,4,12,12,54,93,58.25954329771575,4.000238847137855,4.0,1.6084283388365659,1.6084283388365659,True
8,130,31,32,4,8,8,45,102,185.2761118230928,3.542389910193742,4.0,4.311897992616881,4.311897992616881,True
8,130,32,33,4,7,7,51,97,63.982518991086785,3.6984796065524277,5.0,1.7689931626425281,1.7689931626425281,True
8,130,33,34,4,5,5,55,107,142.65141075603393,3.038439807518201,4.0,3.3783535370728837,3.3783535370728837,True
8,130,34,35,4,9,9,48,101,52.63763688759795,4.094459421476253,5.0,1.541727738736149,1.541727738736149,True
8,130,35,36,4,10,10,41,99,82.90856468026291,4.9934572924886504,4.0,2.176350391990894,2.176350391990894,True
8,130,36,37,4,11,11,32,97,83.1185091887498,2.8372347845125963,5.0,2.1446003025679996,2.1446003025679996,True
8,130,37,38,4,6,6,33,96,41.53690122890387,1.8482680470170938,4.0,1.1640071767857667,1.1640071767857667,True
8,130,38,39,4,5,5,44,104,77.82602951920113,3.227746045966099,4.0,1.9968104743929538,1.9968104743929538,True
8,130,39,40,4,9,9,37,87,92.9804922655417,4.766797310238084,5.0,2.4331110123854165,2.4331110123854165,True
8,130,40,41,4,11,11,33,87,57.05133115233656,4.501285834560743,5.0,1.6525799580753557,1.6525799580753557,True
8,130,41,42,4,13,13,22,77,44.12454530208898,3.7008976843763475,4.0,1.2935618781341034,1.2935618781341034,True
8,130,42,43,4,10,10,34,84,79.21836847871774,3.9062975159407265,5.0,2.1037883680387233,2.1037883680387233,True
8,130,43,44,4,10,10,44,87,73.09617286439048,3.053431834836374,4.0,1.8884838347732509,1.8884838347732509,True
8,130,44,45,4,9,9,48,85,72.69583329931419,4.054204785664479,5.0,1.9699360478404546,1.9699360478404546,True
9,131,0,1,4,43,43,13,13,13.27196745142198,4.124068168105752,4.0,0.6493620292547011,0.6493620292547011,True
9,131,1,2,4,29,29,8,8,14.61210735372305,2.589078809587833,2.0,0.5166797385347216,0.5166797385347216,True
9,131,2,3,4,24,24,9,10,25.363573053677065,1.513312461140913,2.0,0.7040376353101451,0.7040376353101451,True
9,131,3,4,4,23,23,11,17,58.56089103522898,1.7364173088994903,3.0,1.4743329288251719,1.4743329288251719,True
9,131,4,5,4,31,31,25,27,64.68067371444398,1.7825988114676268,2.0,1.5573183891967906,1.5573183891967906,True
9,131,5,6,4,37,37,13,13,25.08087442463615,3.569226423580979,3.0,0.8302163660425852,0.8302163660425852,True
9,131,6,7,4,38,38,17,20,30.023366893942633,2.9584523118883226,3.0,0.9116959544885893,0.9116959544885893,True
9,131,7,8,4,37,37,7,9,28.70428278425373,2.6523793728101737,4.0,0.9211869488607012,0.9211869488607012,True
9,131,8,9,4,27,27,16,19,52.754572856442714,2.5248674808053084,3.0,1.3814498318702704,1.3814498318702704,True
9,131,9,10,4,30,30,23,26,71.0824129191173,1.847217294154628,4.0,1.7970832543186988,1.7970832543186988,True
9,131,10,11,4,40,40,15,18,29.184417685431374,2.585420138153434,4.0,0.928797184499667,0.928797184499667,True
9,131,11,12,4,39,39,17,21,68.20559042187179,2.0811718499749987,3.0,1.6947952401819668,1.6947952401819668,True
9,131,12,13,4,32,32,14,19,28.93749460615322,2.7533899190111697,3.0,0.8802247668923016,0.8802247668923016,True
9,131,13,14,4,29,29,18,23,50.82542459347006,5.770480390647572,3.0,1.469935456914547,1.469935456914547,True
9,131,14,15,4,31,31,32,36,40.94000463432355,3.3397291915114087,4.0,1.2108749812531037,1.2108749812531037,True
9,131,15,16,4,28,28,40,45,54.22422572282631,3.643510374645727,4.0,1.5076881090463927,1.5076881090463927,True
9,131,16,17,4,14,14,58,67,55.884085785500844,3.3432896375704635,3.0,1.4812477094778367,1.4812477094778367,True
9,131,17,18,4,20,20,54,65,117.21296030317754,4.459897824285508,5.0,2.940102205182367,2.940102205182367,True
9,131,18,19,4,13,13,37,52,145.65739457001965,4.689693373842359,4.0,3.508817618596973,3.508817618596973,True
9,131,19,20,4,13,13,28,48,120.37386489056152,3.0900903945421305,4.0,2.9030435777222894,2.9030435777222894,True
9,131,20,21,4,12,12,29,51,136.94241030534056,6.405587916806568,4.0,3.390703737500989,3.390703737500989,True
9,131,21,22,4,22,22,29,40,85.54936715331408,5.102689572843034,4.0,2.2373083076275946,2.2373083076275946,True
9,131,22,23,4,25,25,22,37,59.09694964159701,5.625716513352867,5.0,1.741391867139765,1.741391867139765,True
9,131,23,24,4,13,13,33,42,136.71782921293843,5.152496194243091,4.0,3.3357676166184045,3.3357676166184045,True
9,131,24,25,4,19,19,20,27,38.20516800584487,4.1508052290851385,5.0,1.2347143807172243,1.2347143807172243,True
9,131,25,26,4,9,9,27,37,87.01951649601463,3.369705619054851,4.0,2.1994921496767934,2.1994921496767934,True
9,131,26,27,4,17,17,19,25,57.32208751031737,4.500802733359645,5.0,1.6583625559840436,1.6583625559840436,True
9,131,27,28,4,14,14,39,43,124.14259346365877,2.7895142195646865,5.0,3.0217790001467035,3.0217790001467035,True
9,131,28,29,4,24,24,31,35,57.49394516342136,2.3015822066319136,4.0,1.52407639891002,1.52407639891002,True
9,131,29,30,4,24,24,30,35,40.224646328209104,3.0506919289136323,4.0,1.1839843841895976,1.1839843841895976,True
9,131,30,31,4,19,19,24,30,52.36035424533147,3.0245075947491085,4.0,1.442987894761353,1.442987894761353,True
9,131,31,32,4,12,12,22,29,48.87509111690466,3.607015243129475,4.0,1.3916039908017075,1.3916039908017075,True
9,131,32,33,4,25,25,12,19,26.283912864172997,2.47424765896673,4.0,0.8621966105909478,0.8621966105909478,True
9,131,33,34,4,21,21,17,25,35.399600378781116,2.7098298980609496,4.0,1.0669560611820332,1.0669560611820332,True
9,131,34,35,4,31,31,19,24,60.23993948609638,3.6544967739241354,4.0,1.6370357170876022,1.6370357170876022,True
9,131,35,36,4,28,28,18,22,30.64651068472399,4.491780638729931,5.0,1.0863821687932826,1.0863821687932826,True
9,131,36,37,4,27,27,14,18,18.06824807567943,4.999831217771619,4.0,0.7871699931897096,0.7871699931897096,True
9,131,37,38,4,27,27,17,22,35.36335811820549,2.105728280889404,5.0,1.0920153766256937,1.0920153766256937,True
9,131,38,39,4,33,33,7,10,11.109228320636236,4.799191044998346,5.0,0.680022534384996,0.680022534384996,True
9,131,39,40,4,43,43,24,27,26.66914445675869,4.853696343581638,4.0,0.9656295206738088,0.9656295206738088,True
9,131,40,41,4,41,41,20,21,46.62480485569691,4.92460679321739,4.0,1.3960872329222007,1.3960872329222007,True
9,131,41,42,4,41,41,15,20,23.97545467498824,4.672086151848149,5.0,0.9506431891093883,0.9506431891093883,True
9,131,42,43,4,22,22,17,22,43.14293463110629,4.0603042648181145,4.0,1.2869036269735736,1.2869036269735736,True
9,131,43,44,4,27,27,9,15,26.9708410904914,5.475545372606818,5.0,1.0469684097005172,1.0469684097005172,True
9,131,44,45,4,30,30,24,28,41.359624799300725,3.319295909912277,4.0,1.2190495106672208,1.2190495106672208,True
10,132,0,1,4,32,32,18,18,16.821992883427864,1.8193044822020057,1.0,0.48324345536153446,0.48324345536153446,True
10,132,1,2,4,39,39,15,18,25.456944828935256,3.2051137973061032,3.0,0.8237105125122853,0.8237105125122853,True
10,132,2,3,4,33,33,39,41,162.8897459157897,4.56325715081216,4.0,3.873024841370837,3.873024841370837,True
10,132,3,4,4,33,33,40,43,42.11194853338046,4.2749914018356625,2.0,1.1733985532172937,1.1733985532172937,True
10,132,4,5,4,33,33,52,56,64.21576490609743,3.8937405293832854,3.0,1.6818017263059906,1.6818017263059906,True
10,132,5,6,4,41,41,59,61,40.01431379765991,3.541097804910108,3.0,1.149093493574831,1.149093493574831,True
10,132,6,7,4,16,16,51,62,71.13701531372354,3.355327144891271,5.0,1.908577699661155,1.908577699661155,True
10,132,7,8,4,9,9,62,82,108.04641559309097,2.5732683792620565,3.0,2.568211069308146,2.568211069308146,True
10,132,8,9,4,15,15,56,66,66.14564809069887,3.5019890195427554,4.0,1.7574863055824002,1.7574863055824002,True
10,132,9,10,4,11,11,56,81,51.52402511060434,3.5844955276185524,3.0,1.3974660734748352,1.3974660734748352,True
10,132,10,11,4,12,12,40,64,75.99023322787642,3.5214804801834663,3.0,1.9192213598046903,1.9192213598046903,True
10,132,11,12,4,11,11,32,55,43.339984848006026,3.7788381053841777,3.0,1.2298674852440676,1.2298674852440676,True
10,132,12,13,4,8,8,34,65,74.22661154425481,5.1234777924574395,4.0,1.9955093590751865,1.9955093590751865,True
10,132,13,14,4,6,6,33,67,70.76247645092849,3.67806507397363,5.0,1.91346138405027,1.91346138405027,True
10,132,14,15,4,11,11,69,83,82.77556170571417,4.492070388273957,4.0,2.153444852081976,2.153444852081976,True
10,132,15,16,4,11,11,52,75,130.3004754792711,3.2452759387182595,5.0,3.1719640835331115,3.1719640835331115,True
10,132,16,17,4,12,12,37,67,48.28664575990618,3.599275876012689,4.0,1.378684872752783,1.378684872752783,True
10,132,17,18,4,12,12,39,71,58.76464615860059,3.433037974557495,4.0,1.5965639366665982,1.5965639366665982,True
10,132,18,19,4,6,6,28,64,63.21302132269827,4.714345532572891,6.0,1.843138563932164,1.843138563932164,True
10,132,19,20,4,6,6,27,57,90.382519402296,2.486782974039549,4.0,2.2362395918679248,2.2362395918679248,True
10,132,20,21,4,10,10,24,48,89.53060610693076,2.500406804340188,5.0,2.2685292601792666,2.2685292601792666,True
10,132,21,22,4,10,10,21,47,135.0543042517618,4.468569598760344,4.0,3.2727635893453098,3.2727635893453098,True
10,132,22,23,4,7,7,26,42,96.83851577444051,3.6026416630005165,4.0,2.4192167188294604,2.4192167188294604,True
10,132,23,24,4,7,7,36,46,106.16380281883335,4.324170884829315,4.0,2.647905467225316,2.647905467225316,True
10,132,24,25,4,14,14,47,56,62.05807821678936,2.3637754630550867,4.0,1.6243669803105467,1.6243669803105467,True
10,132,25,26,4,32,32,33,37,95.66871206800576,3.761902639474647,4.0,2.4005199356076807,2.4005199356076807,True
10,132,26,27,4,15,15,42,48,49.10428278177159,3.638134414652207,4.0,1.3977600076240506,1.3977600076240506,True
10,132,27,28,4,27,27,29,37,66.8411214603006,4.499212089660432,4.0,1.8122782291642872,1.8122782291642872,True
10,132,28,29,4,20,20,28,36,69.64739390112494,3.916345756939457,3.0,1.799097985301684,1.799097985301684,True
10,132,29,30,4,12,12,39,46,54.05491533606819,3.645290401812235,5.0,1.5541312304168078,1.5541312304168078,True
10,132,30,31,4,33,33,16,21,47.0803408435657,3.257051878317725,4.0,1.3391465217805454,1.3391465217805454,True
10,132,31,32,4,31,31,11,15,23.56390223246319,3.252413041209123,4.0,0.8350372837725761,0.8350372837725761,True
10,132,32,33,4,28,28,15,21,61.0781517336694,4.167172233956808,4.0,1.6755044265083308,1.6755044265083308,True
10,132,33,34,4,20,20,12,15,35.00374668146582,3.3173111704529825,5.0,1.1327727328495296,1.1327727328495296,True
10,132,34,35,4,27,27,7,10,18.47421396128059,2.6778666983909107,4.0,0.7029906813916491,0.7029906813916491,True
10,132,35,36,4,27,27,6,8,14.465747945788173,3.377203857970744,3.0,0.595068467442862,0.595068467442862,True
10,132,36,37,4,26,26,19,20,31.623832444779126,2.565577336178103,5.0,1.0302766458352481,1.0302766458352481,True
10,132,37,38,4,33,33,11,14,33.15159283273038,2.685748870182821,5.0,1.0678212297943923,1.0678212297943923,True
10,132,38,39,4,36,36,13,16,22.552999207881967,3.031463889397613,4.0,0.8045371100305181,0.8045371100305181,True
10,132,39,40,4,30,30,13,18,31.694842574901966,2.7672059226958177,4.0,0.9898634349414461,0.9898634349414461,True
10,132,40,41,4,28,28,12,18,21.551547199835017,2.750283052038382,4.0,0.7718301906494285,0.7718301906494285,True
10,132,41,42,4,29,29,22,23,87.71101878692257,3.5391949588692415,4.0,2.2210896295031106,2.2210896295031106,True
10,132,42,43,4,38,38,13,20,17.69348822579479,2.2260970702528238,5.0,0.7181900590771442,0.7181900590771442,True
10,132,43,44,4,31,31,13,14,44.48919172100589,3.1653426404717417,5.0,1.3299535282118529,1.3299535282118529,True
10,132,44,45,4,36,36,12,13,22.45003385597812,2.862270719275451,5.0,0.845562982827692,0.845562982827692,True
11,133,0,1,4,43,43,24,24,27.647881877579483,3.96062221127371,2.0,0.8508795001133659,0.8508795001133659,True
11,133,1,2,4,30,30,11,12,18.51949839680257,3.017043731294795,3.0,0.6675281434689898,0.6675281434689898,True
11,133,2,3,4,31,31,23,24,17.148221471288423,2.494659720625168,2.0,0.5672482774954729,0.5672482774954729,True
11,133,3,4,4,39,39,17,20,26.560909368643745,3.628350022107861,3.0,0.8642963444981091,0.8642963444981091,True
11,133,4,5,4,38,38,23,26,23.40357436312788,3.2838367979883816,2.0,0.7328586368437041,0.7328586368437041,True
11,133,5,6,4,21,21,51,55,77.40871117106954,3.6714657145935234,2.0,1.9056167251066598,1.9056167251066598,True
11,133,6,7,4,37,37,48,51,61.48017478625939,3.072911854434066,3.0,1.5903487910257783,1.5903487910257783,True
11,133,7,8,4,23,23,60,70,87.57204019259667,2.3362596470341184,3.0,2.1199941042941504,2.1199941042941504,True
11,133,8,9,4,15,15,58,65,57.43735587482397,4.719640942895057,3.0,1.5695861207477444,1.5695861207477444,True
11,133,9,10,4,10,10,53,67,107.81247443242279,2.8531352086177626,3.0,2.574392717610913,2.574392717610913,True
11,133,10,11,4,1,1,55,72,66.64420340223391,3.896789071144485,3.0,1.7339616357507919,1.7339616357507919,True
11,133,11,12,4,1,1,49,80,96.09458857667055,3.3076584383166847,3.0,2.341476092747036,2.341476092747036,True
11,133,12,13,4,3,3,41,77,133.48919150972117,2.6801046056449196,3.0,3.1176868594341074,3.1176868594341074,True
11,133,13,14,4,6,6,48,79,78.24689013606464,3.3078001836273567,3.0,1.9590310816893362,1.9590310816893362,True
11,133,14,15,4,10,10,37,62,56.507659062189234,5.091993605710498,3.0,1.5645581527039036,1.5645581527039036,True
11,133,15,16,4,10,10,32,57,109.31498221555688,2.7934911298377605,3.0,2.604203549812586,2.604203549812586,True
11,133,16,17,4,9,9,34,52,84.30502646554831,3.5047912506905656,4.0,2.1467279314322294,2.1467279314322294,True
11,133,17,18,4,9,9,36,59,94.46509520929752,3.8310180091582877,3.0,2.3274927605655633,2.3274927605655633,True
11,133,18,19,4,10,10,43,56,46.11445436511217,3.154958256080499,4.0,1.3143652094956235,1.3143652094956235,True
11,133,19,20,4,9,9,56,67,124.01100943162447,4.50722780051207,4.0,3.0376678855552934,3.0376678855552934,True
11,133,20,21,4,9,9,44,59,99.25322977477585,4.235918335788301,4.0,2.496291657176729,2.496291657176729,True
11,133,21,22,4,6,6,36,58,84.52137188018209,3.422609645494716,4.0,2.148076640395119,2.148076640395119,True
11,133,22,23,4,5,5,22,48,71.2041186681316,2.7246799875868115,5.0,1.8847897423920066,1.8847897423920066,True
11,133,23,24,4,3,3,22,54,119.3205403000616,3.743489039246318,4.0,2.9066082822854584,2.9066082822854584,True
11,133,24,25,4,8,8,21,40,78.07963447449383,4.707380088194138,5.0,2.1114302279812045,2.1114302279812045,True
11,133,25,26,4,9,9,31,37,39.75246788457764,2.847829158951693,5.0,1.2157517638847315,1.2157517638847315,True
11,133,26,27,4,10,10,27,31,47.187754770985585,2.7452577697690383,5.0,1.3709764844547383,1.3709764844547383,True
11,133,27,28,4,12,12,47,49,76.88184954543027,4.069404907862433,4.0,2.0102444008594316,2.0102444008594316,True
11,133,28,29,4,11,11,55,59,66.50063366699835,2.930679047220474,4.0,1.7422407404673552,1.7422407404673552,True
11,133,29,30,4,19,19,54,56,60.045420174432074,3.1244725009496808,3.0,1.561666475204389,1.561666475204389,True
11,133,30,31,4,31,31,54,57,60.728381112115564,3.0805929906338863,4.0,1.6245461720278316,1.6245461720278316,True
11,133,31,32,4,15,15,53,63,104.02716726242652,4.963396266009416,4.0,2.62768943483523,2.62768943483523,True
11,133,32,33,4,18,18,41,53,59.09635024565118,3.76321966049145,4.0,1.616879148826469,1.616879148826469,True
11,133,33,34,4,13,13,35,55,80.0915496554907,2.8879203959178996,4.0,2.0317643084543735,2.0317643084543735,True
11,133,34,35,4,7,7,32,59,51.01830047134315,2.9101144464509465,4.0,1.409653873672534,1.409653873672534,True
11,133,35,36,4,8,8,45,61,66.97590617431413,3.2251000697397103,5.0,1.8142019922391768,1.8142019922391768,True
11,133,36,37,4,6,6,49,59,79.46891105890376,4.282927553418024,4.0,2.07422233911323,2.07422233911323,True
11,133,37,38,4,10,10,39,50,63.2109296356069,3.265548214710725,4.0,1.6851418493514339,1.6851418493514339,True
11,133,38,39,4,15,15,39,56,72.10732944664248,4.303932504264716,5.0,1.967314359741499,1.967314359741499,True
11,133,39,40,4,13,13,47,62,80.38481694316492,3.642406756136673,3.0,2.0182280618847153,2.0182280618847153,True
11,133,40,41,4,15,15,54,63,88.98811476921378,4.236432752982122,5.0,2.3263454837452944,2.3263454837452944,True
11,133,41,42,4,11,11,43,51,59.03182593788494,5.343270117920231,5.0,1.7286985033857722,1.7286985033857722,True
11,133,42,43,4,7,7,34,52,184.21422816248256,4.839340271967133,4.0,4.341021357217597,4.341021357217597,True
11,133,43,44,4,6,6,26,42,163.8628558831713,2.640962545526175,4.0,3.816985413603289,3.816985413603289,True
11,133,44,45,4,8,8,22,36,117.03731700184935,5.583908083223165,5.0,2.9812988305114128,2.9812988305114128,True
12,134,0,1,4,41,41,24,24,46.399046391465525,4.236037189263923,3.0,1.3137067673876754,1.3137067673876754,True
12,134,1,2,4,37,37,28,29,51.51395795785136,3.608068848827831,4.0,1.4481932816213567,1.4481932816213567,True
12,134,2,3,4,40,40,27,31,22.90072885806468,4.395532775207721,2.0,0.7665512151096949,0.7665512151096949,True
12,134,3,4,4,30,30,19,24,27.08662745535407,3.2700231216997357,3.0,0.8612286560541481,0.8612286560541481,True
12,134,4,5,4,39,39,11,12,50.6925896712554,3.5066755747412874,3.0,1.3765368016594097,1.3765368016594097,True
12,134,5,6,4,15,15,32,37,131.59221727963555,3.194253101291967,3.0,3.0976033514724404,3.0976033514724404,True
12,134,6,7,4,30,30,17,23,32.640248133498886,3.6168764199672903,3.0,0.9941089453736678,0.9941089453736678,True
12,134,7,8,4,30,30,41,47,44.7427245742894,3.8862110928123004,4.0,1.3142211131615504,1.3142211131615504,True
12,134,8,9,4,31,31,25,36,70.47269986724832,4.014823249410013,3.0,1.8207222128460074,1.8207222128460074,True
12,134,9,10,4,28,28,27,34,92.225965503184,5.165325904003354,3.0,2.3328837255140766,2.3328837255140766,True
12,134,10,11,4,26,26,21,27,44.66111304609163,4.21843336154246,3.0,1.275761185449376,1.275761185449376,True
12,134,11,12,4,27,27,15,20,38.11719960510386,4.053362603613217,4.0,1.1789316385396114,1.1789316385396114,True
12,134,12,13,4,24,24,19,23,105.96159993153061,6.211020580265722,4.0,2.719046536029142,2.719046536029142,True
12,134,13,14,4,30,30,12,15,25.51053267914855,5.2366796208002295,4.0,0.9561214565280496,0.9561214565280496,True
12,134,14,15,4,33,33,6,7,9.35646258134393,3.2653826410753632,4.0,0.5311109323860987,0.5311109323860987,True
12,134,15,16,4,29,29,17,19,66.50975302339064,2.341639558991058,5.0,1.7688745757180133,1.7688745757180133,True
12,134,16,17,4,36,36,15,18,24.34793646831033,2.4932838566072557,5.0,0.8714728500137973,0.8714728500137973,True
12,134,17,18,4,42,42,14,18,34.092081899565365,5.156211535087641,4.0,1.136793073537049,1.136793073537049,True
12,134,18,19,4,33,33,12,12,19.632153212550172,2.8394846586029114,4.0,0.7342683837559059,0.7342683837559059,True
12,134,19,20,4,31,31,10,13,39.03227279782346,2.5908789355025266,4.0,1.1400410030877468,1.1400410030877468,True
12,134,20,21,4,27,27,10,16,36.849100094381896,2.566899346940166,4.0,1.0922995473286472,1.0922995473286472,True
12,134,21,22,4,29,29,9,11,24.269079926522586,3.5293541646478843,4.0,0.8612258792971137,0.8612258792971137,True
12,134,22,23,4,31,31,41,50,55.117362571225726,2.416148066510383,4.0,1.477732263472395,1.477732263472395,True
12,134,23,24,4,33,33,42,50,44.903357340371684,2.074173706913886,4.0,1.245181748427377,1.245181748427377,True
12,134,24,25,4,37,37,47,54,58.90564323846207,2.6016856494717406,4.0,1.5663312096601996,1.5663312096601996,True
12,134,25,26,4,10,10,38,48,79.07973930050085,3.2221837352370737,4.0,2.0234531915630725,2.0234531915630725,True
12,134,26,27,4,12,12,30,36,59.17522520949507,3.7243931476342067,5.0,1.667016266108834,1.667016266108834,True
12,134,27,28,4,17,17,26,37,65.54427990419926,2.8579677538618853,4.0,1.718838993815888,1.718838993815888,True
12,134,28,29,4,14,14,38,47,80.22793944772086,4.542305099882166,5.0,2.1508623350178766,2.1508623350178766,True
12,134,29,30,4,11,11,37,45,60.967127993188264,3.21102925049369,3.0,1.584879627016639,1.584879627016639,True
12,134,30,31,4,14,14,41,53,86.19210121024165,3.5558208226999946,5.0,2.239206430270321,2.239206430270321,True
12,134,31,32,4,13,13,49,61,80.56292511580196,4.187003869288067,4.0,2.0938285501101364,2.0938285501101364,True
12,134,32,33,4,15,15,44,49,85.11298563540898,3.095947328989617,4.0,2.1476875853469197,2.1476875853469197,True
12,134,33,34,4,14,14,48,56,138.45017388374026,3.473481098541621,4.0,3.3057286843075278,3.3057286843075278,True
12,134,34,35,4,9,9,54,67,51.99595003864861,3.504106618987862,4.0,1.4543631941591273,1.4543631941591273,True
12,134,35,36,4,7,7,46,61,65.89179265099962,3.241797664881839,4.0,1.7416388919738366,1.7416388919738366,True
12,134,36,37,4,6,6,41,61,110.77972683731336,2.617142870339012,5.0,2.7285370041845614,2.7285370041845614,True
12,134,37,38,4,7,7,39,63,102.12591556315687,3.3963514879913417,4.0,2.524266535873015,2.524266535873015,True
12,134,38,39,4,10,10,36,61,73.1304356328701,4.247938089678306,4.0,1.9369982871486342,1.9369982871486342,True
12,134,39,40,4,10,10,39,57,73.61740746716674,4.949125587503416,4.0,1.9754808977965668,1.9754808977965668,True
12,134,40,41,4,7,7,46,67,101.85533295432086,3.7560937674929544,5.0,2.582858028292308,2.582858028292308,True
12,134,41,42,4,3,3,55,74,80.4985002345201,5.063058061574217,4.0,2.1274901846312564,2.1274901846312564,True
12,134,42,43,4,6,6,59,76,175.15197328958348,3.577012833092158,4.0,4.096337083814761,4.096337083814761,True
12,134,43,44,4,12,12,54,72,149.31828899681614,6.200940113424682,4.0,3.6477152258973327,3.6477152258973327,True
12,134,44,45,4,15,15,45,69,47.97591073061358,3.3626978138937074,5.0,1.4125631424974676,1.4125631424974676,True
13,135,0,1,4,36,36,8,8,3.509436815883366,1.8631236811284244,2.0,0.24972716472835196,0.24972716472835196,True
13,135,1,2,4,33,33,13,13,13.080021375671135,5.1964524380020976,2.0,0.588144269855894,0.588144269855894,True
13,135,2,3,4,34,34,22,24,28.653129564003642,2.684511039750199,3.0,0.8713760751043718,0.8713760751043718,True
13,135,3,4,4,39,39,27,27,27.867143483505444,2.94572613748807,3.0,0.864982120146068,0.864982120146068,True
13,135,4,5,4,43,43,27,30,50.87825761068359,3.726881439250216,3.0,1.3893236349417997,1.3893236349417997,True
13,135,5,6,4,32,32,30,32,32.162871116035646,3.1290076528687374,2.0,0.9143646871726562,0.9143646871726562,True
13,135,6,7,4,26,26,32,39,58.65964551580063,3.630790443283422,4.0,1.6022240216413504,1.6022240216413504,True
13,135,7,8,4,33,33,41,47,47.10960798523818,6.852225576660506,5.0,1.5335806227500957,1.5335806227500957,True
13,135,8,9,4,32,32,46,54,66.47270290616358,4.07158819405898,3.0,1.7372785900372927,1.7372785900372927,True
13,135,9,10,4,31,31,41,48,83.3416106357304,3.618156752088665,4.0,2.1306179265634837,2.1306179265634837,True
13,135,10,11,4,15,15,35,43,59.72225170731826,5.488868291508212,3.0,1.6493172682457198,1.6493172682457198,True
13,135,11,12,4,17,17,28,33,40.59086310074243,4.031122469727355,4.0,1.2310491080907175,1.2310491080907175,True
13,135,12,13,4,10,10,35,45,44.603094416649775,2.997756068142856,4.0,1.2756908373682094,1.2756908373682094,True
13,135,13,14,4,18,18,38,45,46.46983131755401,3.3345858338740073,4.0,1.329165533016832,1.329165533016832,True
13,135,14,15,4,17,17,40,45,57.22953926690592,4.139250215392167,4.0,1.5919172786208133,1.5919172786208133,True
13,135,15,16,4,18,18,35,44,161.40576362261396,4.690237857200312,4.0,3.846304449058312,3.846304449058312,True
13,135,16,17,4,15,15,30,37,81.80806584904418,4.404496954155912,4.0,2.1292098606457546,2.1292098606457546,True
13,135,17,18,4,14,14,30,36,66.1676836059215,3.311998672260961,4.0,1.750358881303042,1.750358881303042,True
13,135,18,19,4,10,10,31,36,55.88080451614066,6.387564548825321,4.0,1.6529483930131696,1.6529483930131696,True
13,135,19,20,4,28,28,19,28,35.999003245798484,4.601618436899541,4.0,1.1554719498859491,1.1554719498859491,True
13,135,20,21,4,24,24,22,30,67.3415303681643,4.44176789223881,4.0,1.820703509293073,1.820703509293073,True
13,135,21,22,4,20,20,35,43,83.77877015208497,3.2246450254265557,5.0,2.1742451614188827,2.1742451614188827,True
13,135,22,23,4,35,35,30,38,65.00368055850596,3.058918342106578,5.0,1.7652927456522478,1.7652927456522478,True
13,135,23,24,4,33,33,31,35,40.72280185863515,3.4702431625541066,5.0,1.261441194901489,1.261441194901489,True
13,135,24,25,4,21,21,35,46,87.96716313146659,3.174318016592224,4.0,2.211983359195116,2.211983359195116,True
13,135,25,26,4,29,29,22,35,56.86925608046151,3.6600650652331144,4.0,1.565029518619214,1.565029518619214,True
13,135,26,27,4,19,19,10,21,41.452685904023355,2.4864850640386673,4.0,1.1877312433620473,1.1877312433620473,True
13,135,27,28,4,16,16,25,29,62.78305417629992,3.1840641865560126,4.0,1.672713728382953,1.672713728382953,True
13,135,28,29,4,22,22,21,26,44.50073338376421,3.2694766631927146,4.0,1.284366210465513,1.284366210465513,True
13,135,29,30,4,28,28,24,29,67.07873998506324,3.1104367590121305,4.0,1.7618190414689832,1.7618190414689832,True
13,135,30,31,4,39,39,13,19,25.627687035192878,3.496879933480765,4.0,0.8890399195219352,0.8890399195219352,True
13,135,31,32,4,30,30,12,13,29.655652942603794,3.4611624485121864,3.0,0.9239247752819973,0.9239247752819973,True
13,135,32,33,4,32,32,25,32,51.16232416757367,3.413546430890468,4.0,1.4328773751121975,1.4328773751121975,True
13,135,33,34,4,36,36,16,19,35.66699708013846,2.5448008528590433,4.0,1.0660848286887574,1.0660848286887574,True
13,135,34,35,4,33,33,26,33,46.562905413325815,3.418023116946521,4.0,1.3344974692491283,1.3344974692491283,True
13,135,35,36,4,41,41,15,16,26.261042048062595,3.583952046471677,5.0,0.9560946971744941,0.9560946971744941,True
13,135,36,37,4,32,32,12,16,17.736788425016247,2.8582715273691672,4.0,0.6944048987736863,0.6944048987736863,True
13,135,37,38,4,26,26,13,20,28.432624151450753,3.000670514738643,4.0,0.9292973381206333,0.9292973381206333,True
13,135,38,39,4,25,25,14,21,29.27573137546361,2.7879074809257873,4.0,0.9388534001398232,0.9388534001398232,True
13,135,39,40,4,37,37,8,16,17.942719452037675,3.6327078407678832,5.0,0.7797951590315226,0.7797951590315226,True
13,135,40,41,4,37,37,6,10,17.85608063872128,4.5125943385394445,5.0,0.8131340729427481,0.8131340729427481,True
13,135,41,42,4,29,29,20,24,39.41629684589471,3.6498530706509578,5.0,1.2406290552380677,1.2406290552380677,True
13,135,42,43,4,38,38,25,32,54.542444156387674,2.6026548777088463,4.0,1.4728728556023756,1.4728728556023756,True
13,135,43,44,4,39,39,17,24,73.96243242580522,3.627657828057272,4.0,1.9300155793895455,1.9300155793895455,True
13,135,44,45,4,41,41,20,22,40.52273470649476,3.0109624297426003,4.0,1.1887828123288775,1.1887828123288775,True
14,136,0,1,4,35,35,16,16,36.96132297655267,2.251555523313433,2.0,0.9820905704300945,0.9820905704300945,True
14,136,1,2,4,43,43,13,14,24.121137062607026,2.419200686247511,4.0,0.8136495359343368,0.8136495359343368,True
14,136,2,3,4,40,40,18,19,29.824724563064017,3.358084319511393,3.0,0.9234246134175418,0.9234246134175418,True
14,136,3,4,4,41,41,19,20,30.35006907113978,3.157163058379835,3.0,0.9266451452881888,0.9266451452881888,True
14,136,4,5,4,40,40,20,23,36.91190251016864,3.094880013204844,3.0,1.0647645400318075,1.0647645400318075,True
14,136,5,6,4,38,38,11,13,14.807840206859936,3.6763117844416837,4.0,0.6643633329532375,0.6643633329532375,True
14,136,6,7,4,30,30,10,12,28.37832392759141,3.3152958493466334,4.0,0.9407187752793955,0.9407187752793955,True
14,136,7,8,4,36,36,18,23,56.21925352451088,4.989692089699747,4.0,1.6042859733989372,1.6042859733989372,True
14,136,8,9,4,39,39,15,23,17.186038258751964,4.420786873549575,4.0,0.7451037233438107,0.7451037233438107,True
14,136,9,10,4,41,41,5,10,13.063193951835345,4.410570532170641,5.0,0.7063484059690115,0.7063484059690115,True
14,136,10,11,4,29,29,10,20,29.024420131768487,2.5226139779741668,4.0,0.9228564190854343,0.9228564190854343,True
14,136,11,12,4,30,30,15,21,50.03081551666159,4.148095528549917,3.0,1.3880127250704595,1.3880127250704595,True
14,136,12,13,4,26,26,25,30,102.25355444509258,2.783152039034394,3.0,2.4524736768133595,2.4524736768133595,True
14,136,13,14,4,38,38,32,38,53.043349253757555,2.67855072570225,5.0,1.4937852273228946,1.4937852273228946,True
14,136,14,15,4,33,33,37,44,57.82304164966699,3.139520683838297,4.0,1.5646460055606817,1.5646460055606817,True
14,136,15,16,4,33,33,29,40,79.29499654787136,3.4050085623027067,5.0,2.0853788399464945,2.0853788399464945,True
14,136,16,17,4,37,37,39,45,51.94775924037266,2.8450529665454574,5.0,1.4769683880983753,1.4769683880983753,True
14,136,17,18,4,23,23,42,53,89.9543821484939,3.749039879567499,5.0,2.327555498364712,2.327555498364712,True
14,136,18,19,4,18,18,52,64,86.80372847434215,4.070092993981234,5.0,2.2728836156380097,2.2728836156380097,True
14,136,19,20,4,16,16,68,77,179.01673280543656,2.7884213832718765,5.0,4.197609701161658,4.197609701161658,True
14,136,20,21,4,10,10,65,79,68.69519530344763,4.684453022982658,4.0,1.8594180202788984,1.8594180202788984,True
14,136,21,22,4,7,7,70,83,76.2432930993375,3.4324472530381174,5.0,2.0210827422501856,2.0210827422501856,True
14,136,22,23,4,11,11,42,78,77.03277555888585,4.774265897790489,3.0,1.991672969316316,1.991672969316316,True
14,136,23,24,4,8,8,45,90,78.34337605057343,5.352528181456607,5.0,2.1428877569134093,2.1428877569134093,True
14,136,24,25,4,12,12,45,81,65.90251653832345,4.928371274720485,4.0,1.809331633952893,1.809331633952893,True
14,136,25,26,4,10,10,58,87,84.50783431484756,3.495541973297077,5.0,2.200703842821474,2.200703842821474,True
14,136,26,27,4,13,13,74,102,94.78626061052564,5.535943732573409,5.0,2.5025719052427715,2.5025719052427715,True
14,136,27,28,4,12,12,72,114,128.5899758427887,4.45405084748636,5.0,3.1836615162449267,3.1836615162449267,True
14,136,28,29,4,14,14,51,113,103.66752560966962,3.3511165422237053,5.0,2.6054916390390117,2.6054916390390117,True
14,136,29,30,4,12,12,51,124,88.87884398670323,2.862000529811242,4.0,2.219026678050376,2.219026678050376,True
14,136,30,31,4,11,11,50,122,76.56488599636083,3.322946128048837,4.0,1.9735939736153996,1.9735939736153996,True
14,136,31,32,4,9,9,73,135,103.60292209492192,3.652834186824718,5.0,2.616175983792744,2.616175983792744,True
14,136,32,33,4,8,8,57,134,228.41132695055506,2.7553472625096522,4.0,5.204742325155138,5.204742325155138,True
14,136,33,34,4,8,8,47,128,223.62274055927244,2.4725662810803137,4.0,5.09081852037048,5.09081852037048,True
14,136,34,35,4,8,8,49,133,99.4953955014971,3.677202731165259,5.0,2.5291322985644054,2.5291322985644054,True
14,136,35,36,4,10,10,52,141,95.01621374475756,4.184706350918229,4.0,2.4034499771386773,2.4034499771386773,True
14,136,36,37,4,9,9,50,136,110.95943457315231,3.8563785633011625,5.0,2.781957311956739,2.781957311956739,True
14,136,37,38,4,8,8,56,136,126.92105226718176,3.5855621839177427,5.0,3.1131593216534617,3.1131593216534617,True
14,136,38,39,4,7,7,44,142,53.82242654463995,4.4091504610728105,4.0,1.5297037301137684,1.5297037301137684,True
14,136,39,40,4,6,6,39,142,261.6693217071674,3.338760230124414,5.0,5.9907501600728486,5.9907501600728486,True
14,136,40,41,4,7,7,37,137,59.99884506581413,4.647425279009379,4.0,1.671586548284964,1.671586548284964,True
14,136,41,42,4,6,6,47,151,82.80567727609801,2.339372267172439,4.0,2.0679822608889977,2.0679822608889977,True
14,136,42,43,4,12,12,42,141,75.91874747297604,4.9367101801273146,5.0,2.0742987101974357,2.0742987101974357,True
14,136,43,44,4,12,12,45,138,70.55844587890866,4.733731482643149,4.0,1.9013159567109112,1.9013159567109112,True
14,136,44,45,4,13,13,53,152,116.60458397207046,2.5667140816343212,4.0,2.8013382198097396,2.8013382198097396,True
15,137,0,1,4,39,39,32,32,40.59796605089192,2.6889389228304403,2.0,1.077513972289473,1.077513972289473,True
15,137,1,2,4,35,35,28,31,23.795988793568238,2.5714535139587573,2.0,0.7127721861348125,0.7127721861348125,True
15,137,2,3,4,39,39,17,18,37.97117939367131,3.058427523302923,2.0,1.036005230796502,1.036005230796502,True
15,137,3,4,4,29,29,21,23,41.754420921378205,2.402117480017599,4.0,1.190822290373094,1.190822290373094,True
15,137,4,5,4,25,25,24,27,66.80350882554139,2.4307901152758555,3.0,1.6787353651583494,1.6787353651583494,True
15,137,5,6,4,27,27,38,41,48.950889485652844,3.085110856529597,2.0,1.2723520660966021,1.2723520660966021,True
15,137,6,7,4,35,35,44,53,58.64508504639052,5.299629728199822,4.0,1.6686655829792183,1.6686655829792183,True
15,137,7,8,4,36,36,53,62,57.24277031439345,2.853994495664665,5.0,1.5907905722778748,1.5907905722778748,True
15,137,8,9,4,24,24,56,67,53.0860638044002,4.459575283222511,4.0,1.5159415214231904,1.5159415214231904,True
15,137,9,10,4,19,19,52,64,66.23007861623795,2.6095686083705005,4.0,1.7235987146827758,1.7235987146827758,True
15,137,10,11,4,17,17,44,58,90.58237220752893,2.4753792511490245,3.0,2.190066003064438,2.190066003064438,True
15,137,11,12,4,9,9,35,57,50.647508326247966,2.6694162133711266,3.0,1.342080398383016,1.342080398383016,True
15,137,12,13,4,9,9,26,44,41.16171116494491,2.833371649115361,4.0,1.1953715337848625,1.1953715337848625,True
15,137,13,14,4,8,8,28,43,51.127838953697655,3.07229060229256,3.0,1.368488173099509,1.368488173099509,True
15,137,14,15,4,8,8,21,40,52.114981847639704,2.4620534565834533,3.0,1.365231749284189,1.365231749284189,True
15,137,15,16,4,7,7,21,28,72.66451861520939,3.4810983624561533,4.0,1.8963407619670187,1.8963407619670187,True
15,137,16,17,4,14,14,35,42,57.64449885399608,2.665702826181829,3.0,1.491867374204332,1.491867374204332,True
15,137,17,18,4,19,19,43,47,58.49542037510765,2.9613198262670872,4.0,1.5719260868029903,1.5719260868029903,True
15,137,18,19,4,28,28,41,43,56.22721888481075,4.2902081563791095,4.0,1.576477302358252,1.576477302358252,True
15,137,19,20,4,25,25,29,37,73.84036547225838,3.440218223818738,5.0,1.9699022747868578,1.9699022747868578,True
15,137,20,21,4,19,19,29,36,55.05132548813709,4.978901043039999,4.0,1.5788273021816803,1.5788273021816803,True
15,137,21,22,4,12,12,33,38,58.823786410925024,3.669353502146866,5.0,1.6572838488914108,1.6572838488914108,True
15,137,22,23,4,18,18,31,36,54.94158103376539,3.06639819021378,5.0,1.549975521189238,1.549975521189238,True
15,137,23,24,4,18,18,35,39,41.30351280809373,4.065050793257494,4.0,1.2476773061894508,1.2476773061894508,True
15,137,24,25,4,18,18,29,36,86.59201047019816,3.004614871787999,3.0,2.125727676375766,2.125727676375766,True
15,137,25,26,4,14,14,44,52,50.51744847713814,3.048592758539962,4.0,1.40446046342313,1.40446046342313,True
15,137,26,27,4,13,13,66,69,56.351475603315635,3.077956965901588,4.0,1.5306498987071129,1.5306498987071129,True
15,137,27,28,4,10,10,80,83,117.21901008553934,4.1691308133891045,4.0,2.8786011629399786,2.8786011629399786,True
15,137,28,29,4,14,14,76,85,96.6572280435164,2.2976035219282496,4.0,2.3631304560953383,2.3631304560953383,True
15,137,29,30,4,15,15,69,78,59.749673739008074,3.6345877745280935,4.0,1.6257336625312966,1.6257336625312966,True
15,137,30,31,4,8,8,58,92,144.8821883456353,2.845726396934333,3.0,3.3684473775695585,3.3684473775695585,True
15,137,31,32,4,10,10,48,74,81.39344968637755,4.495470268133553,5.0,2.173964161147718,2.173964161147718,True
15,137,32,33,4,10,10,39,83,55.35620705156489,3.9319368932726015,5.0,1.5934819125501516,1.5934819125501516,True
15,137,33,34,4,8,8,35,77,104.76249473721764,3.476954315719195,4.0,2.5839887741405745,2.5839887741405745,True
15,137,34,35,4,9,9,42,79,88.9977236395244,2.050695818596432,4.0,2.189121910733666,2.189121910733666,True
15,137,35,36,4,11,11,37,81,60.72042872438413,4.12541456696005,5.0,1.7161686267723475,1.7161686267723475,True
15,137,36,37,4,11,11,44,83,101.09331409712927,2.4775131131216765,5.0,2.515385826606208,2.515385826606208,True
15,137,37,38,4,16,16,54,78,110.03905304043157,4.531464672327032,5.0,2.7892382949023293,2.7892382949023293,True
15,137,38,39,4,18,18,39,65,62.984017459715574,5.247560275444024,4.0,1.7595599280116658,1.7595599280116658,True
15,137,39,40,4,15,15,42,64,74.40913277117893,4.890656897797696,4.0,1.9901076924371708,1.9901076924371708,True
15,137,40,41,4,15,15,37,60,43.07372022498852,5.089777914029158,4.0,1.3265994070966345,1.3265994070966345,True
15,137,41,42,4,9,9,40,66,53.0895090317686,3.628581327568342,5.0,1.532775589497775,1.532775589497775,True
15,137,42,43,4,8,8,32,58,171.70087142427002,3.6878892430354124,5.0,4.076819957384345,4.076819957384345,True
15,137,43,44,4,9,9,46,65,48.716811209410146,3.651284236022184,5.0,1.439983038213962,1.439983038213962,True
15,137,44,45,4,6,6,42,65,67.36039382461588,3.112443386539477,5.0,1.817934745989062,1.817934745989062,True
16,138,0,1,4,39,39,28,28,31.58367458303155,2.481287129887058,2.0,0.8760445119747298,0.8760445119747298,True
16,138,1,2,4,33,33,31,32,39.37387035578305,2.7501624998041887,3.0,1.103732293330376,1.103732293330376,True
16,138,2,3,4,35,35,24,27,33.00558236197336,2.4660539525063694,3.0,0.9559046372853983,0.9559046372853983,True
16,138,3,4,4,27,27,18,23,39.342371469573635,3.0111105717282345,3.0,1.1134952400742786,1.1134952400742786,True
16,138,4,5,4,28,28,44,48,64.09209779604481,4.073464272924109,4.0,1.736340666546496,1.736340666546496,True
16,138,5,6,4,26,26,45,46,42.373510964363035,3.174769507999675,3.0,1.1849945866991947,1.1849945866991947,True
16,138,6,7,4,40,40,38,41,37.41424040208872,3.247172498038799,3.0,1.0816206228234533,1.0816206228234533,True
16,138,7,8,4,35,35,44,52,55.04357440935152,3.0689718918445577,4.0,1.5022640415884576,1.5022640415884576,True
16,138,8,9,4,13,13,44,56,137.11214597807404,5.726272707309727,4.0,3.367168322108262,3.367168322108262,True
16,138,9,10,4,17,17,44,54,103.20597100977179,3.1806734327904147,3.0,2.4887834589495834,2.4887834589495834,True
16,138,10,11,4,15,15,36,44,93.62756475551694,3.9089169734649962,4.0,2.3626616379853913,2.3626616379853913,True
16,138,11,12,4,11,11,45,55,97.68182337540087,4.545909021782003,4.0,2.4750182903441558,2.4750182903441558,True
16,138,12,13,4,15,15,48,58,71.24844169428358,6.362555181501981,5.0,2.031254529280442,2.031254529280442,True
16,138,13,14,4,15,15,44,52,70.74399957727535,3.779133531260231,4.0,1.8671081893348809,1.8671081893348809,True
16,138,14,15,4,9,9,43,57,73.10926355473549,4.099734828858952,4.0,1.9306164693272614,1.9306164693272614,True
16,138,15,16,4,10,10,48,61,87.12566251343846,3.9224288789807664,3.0,2.1738756375900548,2.1738756375900548,True
16,138,16,17,4,9,9,46,61,48.31292324990218,5.426444382170545,4.0,1.45233470207044,1.45233470207044,True
16,138,17,18,4,9,9,63,73,107.05870678794356,3.447798173265255,4.0,2.6320270723865438,2.6320270723865438,True
16,138,18,19,4,8,8,49,71,96.62224943310527,3.0740613529966745,3.0,2.343439227686408,2.343439227686408,True
16,138,19,20,4,6,6,54,74,121.28541314604053,3.2438206725915126,4.0,2.928725965747386,2.928725965747386,True
16,138,20,21,4,6,6,53,88,64.70812699079326,3.261129582873279,4.0,1.7170479045462153,1.7170479045462153,True
16,138,21,22,4,6,6,57,89,108.55756065676259,3.8413131763854227,5.0,2.7298859697003293,2.7298859697003293,True
16,138,22,23,4,11,11,50,85,213.92474829029084,5.783427539140393,4.0,5.015438850643276,5.015438850643276,True
16,138,23,24,4,13,13,37,76,65.10158358486322,3.6211411596241914,4.0,1.7398795803463225,1.7398795803463225,True
16,138,24,25,4,12,12,37,75,80.94801982835419,4.231702653433846,4.0,2.103868531030658,2.103868531030658,True
16,138,25,26,4,9,9,48,83,93.75085351843839,2.8705536649118586,5.0,2.373769007705868,2.373769007705868,True
16,138,26,27,4,6,6,60,101,69.74040132661604,2.767961424123981,4.0,1.8051556282495886,1.8051556282495886,True
16,138,27,28,4,5,5,60,98,127.05551651269253,2.952184124516013,4.0,3.0407055759669093,3.0407055759669093,True
16,138,28,29,4,6,6,68,105,136.54057343869727,3.010460454666221,5.0,3.296287849015876,3.296287849015876,True
16,138,29,30,4,6,6,53,95,115.35964476714204,3.2652019498823694,4.0,2.8026004658626245,2.8026004658626245,True
16,138,30,31,4,5,5,46,101,94.97288865534846,4.0506522329643,4.0,2.3971594176474675,2.3971594176474675,True
16,138,31,32,4,5,5,55,109,100.96622124109112,2.8721546982672104,4.0,2.4784480716683555,2.4784480716683555,True
16,138,32,33,4,6,6,47,106,134.18286976108303,2.387041254736202,3.0,3.120828859355513,3.120828859355513,True
16,138,33,34,4,9,9,52,104,76.36627664684208,3.9420044155410627,4.0,1.9941003904825443,1.9941003904825443,True
16,138,34,35,4,12,12,33,95,89.59956005627866,3.518369534973317,4.0,2.2607253540334757,2.2607253540334757,True
16,138,35,36,4,11,11,32,96,50.863819820912894,2.779454207589394,4.0,1.4011171644659948,1.4011171644659948,True
16,138,36,37,4,10,10,34,89,48.33042415552362,3.658436175665459,4.0,1.3819893932164102,1.3819893932164102,True
16,138,37,38,4,9,9,38,93,110.62464416413843,3.620937697205712,4.0,2.7153655971197663,2.7153655971197663,True
16,138,38,39,4,9,9,34,82,58.50392292246833,2.224698388379814,4.0,1.5426434267309423,1.5426434267309423,True
16,138,39,40,4,9,9,49,98,104.9172383880707,2.031815820451205,4.0,2.5294991697052778,2.5294991697052778,True
16,138,40,41,4,9,9,43,75,53.63291419301595,5.326213013743594,4.0,1.5623252532572283,1.5623252532572283,True
16,138,41,42,4,8,8,50,85,51.41142911109675,3.0378687771590194,4.0,1.423188232038434,1.423188232038434,True
16,138,42,43,4,9,9,66,96,100.79740391986785,3.831510623323993,5.0,2.5632047946444136,2.5632047946444136,True
16,138,43,44,4,8,8,54,87,75.05240823141574,3.109264864224436,5.0,1.9826364852421718,1.9826364852421718,True
16,138,44,45,4,13,13,43,87,44.047398780064746,4.913002336289355,4.0,1.3403929244529615,1.3403929244529615,True
17,139,0,1,4,46,46,19,19,54.45241712350952,2.931955096136323,4.0,1.4841157136349425,1.4841157136349425,True
17,139,1,2,4,37,37,48,49,35.07850795205284,2.379736875782957,3.0,0.9968717882895934,0.9968717882895934,True
17,139,2,3,4,38,38,39,43,39.77329162185612,2.962497082519561,3.0,1.1207847037691279,1.1207847037691279,True
17,139,3,4,4,44,44,50,52,37.84722937016457,3.386245950723454,3.0,1.0964618959610362,1.0964618959610362,True
17,139,4,5,4,24,24,44,55,53.05905158424787,3.4601733100924625,2.0,1.37538660920901,1.37538660920901,True
17,139,5,6,4,12,12,33,40,51.33318417099362,3.364437927083084,3.0,1.3845743207474723,1.3845743207474723,True
17,139,6,7,4,8,8,33,43,38.723631332269974,4.686039135086321,3.0,1.1672336653806665,1.1672336653806665,True
17,139,7,8,4,5,5,29,40,67.04813145895518,3.5445452968796114,3.0,1.7285274859956528,1.7285274859956528,True
17,139,8,9,4,19,19,21,26,76.45150988836511,2.7801120840681204,3.0,1.8994511238276917,1.8994511238276917,True
17,139,9,10,4,29,29,22,26,33.255890340765596,2.3569843963653816,3.0,0.9569055974424495,0.9569055974424495,True
17,139,10,11,4,12,12,39,45,51.12485264099898,2.6267642283941313,4.0,1.4006031257286005,1.4006031257286005,True
17,139,11,12,4,41,41,20,23,30.504865056287453,2.92803208429062,3.0,0.9207969631492131,0.9207969631492131,True
17,139,12,13,4,24,24,31,39,53.328556864430425,5.205280933404416,5.0,1.600966027288257,1.600966027288257,True
17,139,13,14,4,39,39,10,12,19.1472475981734,4.393528165294993,4.0,0.7860392894298012,0.7860392894298012,True
17,139,14,15,4,15,15,27,35,56.383750861791576,2.635357063116438,4.0,1.513637515277334,1.513637515277334,True
17,139,15,16,4,16,16,24,29,36.43970043554433,3.342111651578307,3.0,1.0645351896819393,1.0645351896819393,True
17,139,16,17,4,24,24,23,32,65.72544258922525,1.953955348773646,3.0,1.6365605551486295,1.6365605551486295,True
17,139,17,18,4,29,29,13,18,12.858655817052846,2.417844200184239,5.0,0.622256392658502,0.622256392658502,True
17,139,18,19,4,29,29,14,21,36.651013739879424,2.533298715997444,5.0,1.1367108144944569,1.1367108144944569,True
17,139,19,20,4,33,33,15,17,28.138727820267153,2.5445027038675714,4.0,0.9047528471604276,0.9047528471604276,True
17,139,20,21,4,32,32,18,22,15.937634485919018,4.002421343351671,5.0,0.7516175927180457,0.7516175927180457,True
17,139,21,22,4,38,38,21,25,25.668784757435407,2.147819607285904,4.0,0.8359581719507663,0.8359581719507663,True
17,139,22,23,4,41,41,17,19,20.77299310761133,2.622296289918571,4.0,0.7500274181884141,0.7500274181884141,True
17,139,23,24,4,39,39,23,27,23.71732484471533,4.181848863847942,4.0,0.8755023440835319,0.8755023440835319,True
17,139,24,25,4,28,28,30,33,48.79863443765014,5.199146467403262,4.0,1.4536508823600618,1.4536508823600618,True
17,139,25,26,4,30,30,18,28,34.96531157091466,3.345132318638692,4.0,1.0830619692651475,1.0830619692651475,True
17,139,26,27,4,27,27,25,32,50.2771930738827,2.9039601729069546,4.0,1.3935268299280503,1.3935268299280503,True
17,139,27,28,4,25,25,15,23,28.911511777024174,4.049035361596907,4.0,0.9814938096858228,0.9814938096858228,True
17,139,28,29,4,25,25,10,16,31.863382382324623,3.2598229806875074,4.0,1.0131796845630279,1.0131796845630279,True
17,139,29,30,4,32,32,11,14,17.62672028639748,4.5622580181378,4.0,0.7602057554340294,0.7602057554340294,True
17,139,30,31,4,31,31,9,9,11.983592562490182,4.3048731250264005,4.0,0.6289861941972743,0.6289861941972743,True
17,139,31,32,4,37,37,15,20,83.47352338677986,3.929633330943034,4.0,2.145903691525861,2.145903691525861,True
17,139,32,33,4,35,35,11,12,59.06064533392047,4.524158154161948,4.0,1.6465515833219164,1.6465515833219164,True
17,139,33,34,4,38,38,13,16,36.77161516839208,4.493729591124672,3.0,1.1177123658248171,1.1177123658248171,True
17,139,34,35,4,41,41,14,19,23.341542336602657,2.9256686436136077,5.0,0.8672026529574584,0.8672026529574584,True
17,139,35,36,4,27,27,10,13,17.82678782556541,2.7584952635433484,5.0,0.7423424068038499,0.7423424068038499,True
17,139,36,37,4,28,28,8,9,16.895154460941594,2.9946538674113983,4.0,0.68182517885949,0.68182517885949,True
17,139,37,38,4,25,25,7,12,24.73089028641723,2.9686808860945653,4.0,0.8486948844384377,0.8486948844384377,True
17,139,38,39,4,40,40,33,41,50.95655477842307,2.343311965305717,4.0,1.38565865243558,1.38565865243558,True
17,139,39,40,4,44,44,25,29,24.376591923696246,3.8427144773697366,4.0,0.8760641203168518,0.8760641203168518,True
17,139,40,41,4,38,38,32,39,53.14197722050035,4.523528588574603,4.0,1.5196977982679916,1.5196977982679916,True
17,139,41,42,4,46,46,35,43,46.47274127714722,4.827744086818711,4.0,1.3889542194116176,1.3889542194116176,True
17,139,42,43,4,23,23,60,63,87.51130219947808,2.188160174408646,4.0,2.162768596965162,2.162768596965162,True
17,139,43,44,4,20,20,69,75,59.020335695411944,5.3185872210347345,4.0,1.677464968028788,1.677464968028788,True
17,139,44,45,4,27,27,61,71,102.4374685857214,5.442605460295211,5.0,2.6627928309629816,2.6627928309629816,True
18,140,0,1,4,51,51,21,21,27.406766518432253,4.326036031764399,2.0,0.8603292952369813,0.8603292952369813,True
18,140,1,2,4,41,41,13,14,21.20919961366142,3.3999539981297784,4.0,0.7904810087893643,0.7904810087893643,True
18,140,2,3,4,39,39,23,26,40.059586496679515,2.7052334392116943,4.0,1.1666290482116002,1.1666290482116002,True
18,140,3,4,4,42,42,27,28,61.34800080117077,2.28296521231861,3.0,1.5559186256606896,1.5559186256606896,True
18,140,4,5,4,44,44,26,28,28.09654644513633,2.7722242784486903,4.0,0.9129578235337261,0.9129578235337261,True
18,140,5,6,4,37,37,32,37,48.211723846426864,3.4389374945066873,3.0,1.320665867917986,1.320665867917986,True
18,140,6,7,4,29,29,26,34,39.38544215650041,3.830717439660445,4.0,1.197202458082855,1.197202458082855,True
18,140,7,8,4,38,38,16,23,45.04899892985493,6.156111067405376,4.0,1.4115801340502492,1.4115801340502492,True
18,140,8,9,4,26,26,24,29,86.07337004219862,4.112587066873857,5.0,2.2589328407220677,2.2589328407220677,True
18,140,9,10,4,23,23,19,24,54.00836431012465,4.4251686617930925,4.0,1.5343288388315375,1.5343288388315375,True
18,140,10,11,4,30,30,7,11,14.71252763812209,2.8707464339045448,4.0,0.6300983067445123,0.6300983067445123,True
18,140,11,12,4,23,23,12,15,17.797348767066836,3.060562574339019,5.0,0.7537942622678502,0.7537942622678502,True
18,140,12,13,4,24,24,10,14,30.231469509560142,3.0637707221805006,4.0,0.9703680326635089,0.9703680326635089,True
18,140,13,14,4,27,27,2,7,3.784116653148028,2.358340279173717,3.0,0.3254218251629779,0.3254218251629779,True
18,140,14,15,4,24,24,8,14,21.15237449882205,2.779252320997087,4.0,0.7644352606717846,0.7644352606717846,True
18,140,15,16,4,27,27,9,10,11.856039243271233,3.1142692531695504,4.0,0.5786287539111656,0.5786287539111656,True
18,140,16,17,4,37,37,27,30,49.70589757913307,3.38578666453177,4.0,1.4005578432769794,1.4005578432769794,True
18,140,17,18,4,42,42,24,27,21.892992764786158,3.2777274196138024,5.0,0.8502446560299697,0.8502446560299697,True
18,140,18,19,4,41,41,27,33,42.01875960844754,3.436390430588411,4.0,1.2378576088331266,1.2378576088331266,True
18,140,19,20,4,33,33,17,24,31.55123543221838,3.58749453698947,5.0,1.0695976835985441,1.0695976835985441,True
18,140,20,21,4,28,28,33,38,36.361330737434514,2.95064294849617,3.0,1.0471970908848722,1.0471970908848722,True
18,140,21,22,4,24,24,29,34,49.56688541124527,3.175075461300245,4.0,1.3891505629786942,1.3891505629786942,True
18,140,22,23,4,21,21,27,31,83.62440710189522,5.811219239849501,4.0,2.2244003503488776,2.2244003503488776,True
18,140,23,24,4,24,24,17,24,41.847231275381525,3.8133528526393397,3.0,1.1992604985780346,1.1992604985780346,True
18,140,24,25,4,24,24,14,18,23.593055121928224,2.9405676773307885,3.0,0.7731881739916935,0.7731881739916935,True
18,140,25,26,4,32,32,19,23,20.112927852264825,3.0961678773148984,4.0,0.7548380262125565,0.7548380262125565,True
18,140,26,27,4,29,29,32,34,30.089951927968823,4.6425938397255475,5.0,1.0804884377597823,1.0804884377597823,True
18,140,27,28,4,34,34,26,32,39.76072951322307,2.9662137997125684,5.0,1.2206641844147113,1.2206641844147113,True
18,140,28,29,4,34,34,28,34,88.36912833174695,2.8552599384847173,3.0,2.1578345760768234,2.1578345760768234,True
18,140,29,30,4,24,24,22,32,58.62519137137037,3.833208521619963,4.0,1.6095824416798776,1.6095824416798776,True
18,140,30,31,4,21,21,32,35,64.27312164248929,4.453090926383448,5.0,1.8054048151086795,1.8054048151086795,True
18,140,31,32,4,29,29,26,29,49.85540358605081,4.211287366992959,4.0,1.4367815715236643,1.4367815715236643,True
18,140,32,33,4,30,30,35,40,67.35235676697758,3.852806090329735,4.0,1.7973770314769946,1.7973770314769946,True
18,140,33,34,4,34,34,43,48,47.76438628052241,4.46821767714185,4.0,1.4022512702397256,1.4022512702397256,True
18,140,34,35,4,23,23,41,47,45.51494902060501,4.816181859465238,4.0,1.367967610534431,1.367967610534431,True
18,140,35,36,4,28,28,39,55,62.31236020351365,3.691134768178017,3.0,1.6329102522309844,1.6329102522309844,True
18,140,36,37,4,17,17,58,71,69.86300131945657,3.0905621929113596,4.0,1.8206868017048095,1.8206868017048095,True
18,140,37,38,4,20,20,54,66,75.4528612699422,5.206015125088258,4.0,2.0250876322165774,2.0250876322165774,True
18,140,38,39,4,21,21,67,79,66.66197486143714,4.895153769030488,5.0,1.8742770406491585,1.8742770406491585,True
18,140,39,40,4,13,13,69,83,72.16910669539882,4.453385105041767,4.0,1.924616261960217,1.924616261960217,True
18,140,40,41,4,9,9,67,85,95.93201802718595,3.9925394129531924,4.0,2.4153876771006835,2.4153876771006835,True
18,140,41,42,4,7,7,66,93,73.16185773624424,4.150955986124123,5.0,1.9837923337930556,1.9837923337930556,True
18,140,42,43,4,10,10,42,89,133.97230460867013,4.4057584830166885,4.0,3.2470654380778847,3.2470654380778847,True
18,140,43,44,4,11,11,45,84,114.18016640005284,3.09700417047837,5.0,2.8205980182488384,2.8205980182488384,True
18,140,44,45,4,8,8,46,91,84.6557521620152,2.816332274517966,4.0,2.1267051230239016,2.1267051230239016,True
19,141,0,1,4,44,44,48,48,46.72535978391208,2.871178230616236,2.0,1.2161048388799083,1.2161048388799083,True
19,141,1,2,4,45,45,39,39,37.116546316389666,4.162564666549929,4.0,1.161857150584633,1.161857150584633,True
19,141,2,3,4,46,46,43,46,45.69884870048868,3.9039848288236043,3.0,1.2854204367348445,1.2854204367348445,True
19,141,3,4,4,34,34,38,44,41.153076831500364,3.0390461888646314,2.0,1.1034134939438789,1.1034134939438789,True
19,141,4,5,4,13,13,36,45,76.91944169815521,2.8718051421972937,3.0,1.9131459563626465,1.9131459563626465,True
19,141,5,6,4,7,7,34,43,86.16996632684135,2.835369539087181,3.0,2.1099140599958015,2.1099140599958015,True
19,141,6,7,4,14,14,30,37,78.41138633597163,4.006228943720756,3.0,1.990493150662508,1.990493150662508,True
19,141,7,8,4,11,11,49,57,70.03540317131528,2.4684584292315774,3.0,1.7494969765545907,1.7494969765545907,True
19,141,8,9,4,17,17,48,51,55.22252602500707,2.2875823671122513,4.0,1.4748431380774985,1.4748431380774985,True
19,141,9,10,4,25,25,41,51,87.78026318243106,2.9750402895644585,3.0,2.150007251206101,2.150007251206101,True
19,141,10,11,4,26,26,33,41,46.68984338430849,1.8142323654885937,3.0,1.2230659385690115,1.2230659385690115,True
19,141,11,12,4,15,15,38,55,59.726738672609734,2.670281812455323,3.0,1.53666995833985,1.53666995833985,True
19,141,12,13,4,9,9,51,63,59.874022552214534,2.991415807738546,3.0,1.5526714012855676,1.5526714012855676,True
19,141,13,14,4,20,20,58,66,147.01040059769937,3.367038264831596,4.0,3.484904400543965,3.484904400543965,True
19,141,14,15,4,16,16,64,75,90.1690388764299,3.933234087273134,4.0,2.2895230537001376,2.2895230537001376,True
19,141,15,16,4,24,24,48,59,45.660132645951805,2.719594251045176,3.0,1.2372151838836314,1.2372151838836314,True
19,141,16,17,4,13,13,74,85,71.109010478466,2.5623529050080833,3.0,1.7762586264531661,1.7762586264531661,True
19,141,17,18,4,4,4,80,95,176.67898594289522,3.934451769871157,4.0,4.143356340999744,4.143356340999744,True
19,141,18,19,4,11,11,76,93,217.09814111935893,3.388534260944289,4.0,4.987644394424035,4.987644394424035,True
19,141,19,20,4,10,10,36,76,126.01283386061118,3.8082488167260937,3.0,3.0026049639678543,3.0026049639678543,True
19,141,20,21,4,12,12,22,75,92.30385813690434,3.47168575287457,4.0,2.3168072473343617,2.3168072473343617,True
19,141,21,22,4,10,10,22,68,49.69373159119088,3.2169979013287957,4.0,1.393545593007242,1.393545593007242,True
19,141,22,23,4,8,8,29,70,194.02889120501115,3.3339445941343,3.0,4.441119738158468,4.441119738158468,True
19,141,23,24,4,8,8,38,63,75.33995613147495,2.397735967171563,4.0,1.9103370700756115,1.9103370700756115,True
19,141,24,25,4,8,8,37,63,85.32455871036575,2.4728741741256575,4.0,2.1272983679014352,2.1272983679014352,True
19,141,25,26,4,5,5,46,68,85.30490968806382,4.310532669037881,4.0,2.200383657220026,2.200383657220026,True
19,141,26,27,4,4,4,45,65,116.49784544877123,3.4186001111428292,4.0,2.8331264069193822,2.8331264069193822,True
19,141,27,28,4,5,5,38,66,157.44968298037156,3.2758596628785503,4.0,3.7049561646659614,3.7049561646659614,True
19,141,28,29,4,3,3,35,56,89.15607812705855,3.5586172326509162,5.0,2.3028320777430054,2.3028320777430054,True
19,141,29,30,4,6,6,36,62,79.10733395495791,4.643364255044677,5.0,2.1308917263794562,2.1308917263794562,True
19,141,30,31,4,7,7,34,54,86.79598582033181,3.317445578394351,3.0,2.142611805000027,2.142611805000027,True
19,141,31,32,4,4,4,53,69,88.08808550670503,2.180292428740116,3.0,2.1248135294361408,2.1248135294361408,True
19,141,32,33,4,6,6,51,61,79.9867558728754,3.119031281543236,4.0,2.0387631628233454,2.0387631628233454,True
19,141,33,34,4,8,8,50,67,74.68316717238578,2.80978181251121,5.0,1.9627448547658577,1.9627448547658577,True
19,141,34,35,4,11,11,50,75,77.20233207844609,5.424614715768985,3.0,2.0213202760260325,2.0213202760260325,True
19,141,35,36,4,15,15,48,71,51.568210170672096,4.325179175304948,4.0,1.4780402420980285,1.4780402420980285,True
19,141,36,37,4,11,11,54,80,65.09175602479678,4.644782928865364,4.0,1.7806146605431168,1.7806146605431168,True
19,141,37,38,4,11,11,44,77,114.83586379733416,3.6860331227287437,4.0,2.8082098348520246,2.8082098348520246,True
19,141,38,39,4,11,11,54,78,88.03642270949936,5.07354158461773,5.0,2.339436435731124,2.339436435731124,True
19,141,39,40,4,11,11,60,81,52.84033819807138,4.656390525648749,4.0,1.518548582413194,1.518548582413194,True
19,141,40,41,4,10,10,52,87,74.90524175556428,2.8897714223974615,5.0,1.9707031802294188,1.9707031802294188,True
19,141,41,42,4,9,9,60,99,94.55687471247597,3.3929121037663816,5.0,2.4119352279894257,2.4119352279894257,True
19,141,42,43,4,6,6,66,102,85.13858698302724,1.9618152376594178,4.0,2.1028709019998177,2.1028709019998177,True
19,141,43,44,4,5,5,62,103,101.96309609781675,3.745706656101538,5.0,2.5847517540544205,2.5847517540544205,True
19,141,44,45,4,5,5,62,110,81.88920191700002,3.4454266817633954,5.0,2.142585679777679,2.142585679777679,True
20,142,0,1,4,34,34,23,23,28.800894968272296,2.1385219241583173,2.0,0.802702912000739,0.802702912000739,True
20,142,1,2,4,38,38,24,26,15.997916510503842,3.18179608336164,2.0,0.5700843399881194,0.5700843399881194,True
20,142,2,3,4,35,35,28,30,65.69011570931771,2.4137764968830653,3.0,1.654196396503559,1.654196396503559,True
20,142,3,4,4,24,24,32,33,80.58358860015265,2.6998526088619657,2.0,1.9347852886434638,1.9347852886434638,True
20,142,4,5,4,30,30,18,21,33.41543829123174,3.8028661385317415,3.0,1.0181597517819496,1.0181597517819496,True
20,142,5,6,4,36,36,24,28,23.946020580644184,3.5745684133925653,2.0,0.7561117489780779,0.7561117489780779,True
20,142,6,7,4,40,40,30,35,43.219704910628884,3.368589067204266,3.0,1.2108800964873607,1.2108800964873607,True
20,142,7,8,4,34,34,28,35,34.35765938733595,2.71104489107438,2.0,0.9446773539430312,0.9446773539430312,True
20,142,8,9,4,40,40,27,29,40.69977372542133,3.2220017656675433,3.0,1.1510180790285873,1.1510180790285873,True
20,142,9,10,4,32,32,22,25,36.43689451010473,3.610798709753726,3.0,1.0752225450352504,1.0752225450352504,True
20,142,10,11,4,19,19,28,32,47.092608138044135,4.152727590749358,4.0,1.375236420873777,1.375236420873777,True
20,142,11,12,4,21,21,31,37,88.5365978200299,3.3498340720925017,2.0,2.131206173312912,2.131206173312912,True
20,142,12,13,4,17,17,38,43,69.47583688285076,2.419628844282609,3.0,1.7355530869752491,1.7355530869752491,True
20,142,13,14,4,23,23,32,43,54.72478696546094,4.405580999731683,4.0,1.5488972463920019,1.5488972463920019,True
20,142,14,15,4,16,16,45,48,53.25521828915075,2.9066341174652432,4.0,1.45744861375184,1.45744861375184,True
20,142,15,16,4,13,13,44,49,51.048105652776755,3.2489728296308993,2.0,1.3238468914590236,1.3238468914590236,True
20,142,16,17,4,16,16,43,52,113.39919106313334,3.9905134673582023,3.0,2.7396032043328993,2.7396032043328993,True
20,142,17,18,4,10,10,36,47,56.954281691495716,2.7303782388645534,4.0,1.5296640229437761,1.5296640229437761,True
20,142,18,19,4,5,5,39,51,97.58597058724642,2.933760212996155,5.0,2.4584783496751266,2.4584783496751266,True
20,142,19,20,4,6,6,40,48,54.39236353102812,3.9311319406187977,3.0,1.4727959247182114,1.4727959247182114,True
20,142,20,21,4,4,4,55,62,105.85392561003376,3.890514545180728,4.0,2.6239189877365243,2.6239189877365243,True
20,142,21,22,4,10,10,64,76,75.23530682911174,2.846978400538986,4.0,1.9260642823596679,1.9260642823596679,True
20,142,22,23,4,9,9,65,76,73.94008513296846,3.969406229539891,3.0,1.8932066448880627,1.8932066448880627,True
20,142,23,24,4,9,9,55,69,104.43841123938823,3.1957066365230276,4.0,2.565794220590669,2.565794220590669,True
20,142,24,25,4,6,6,42,80,70.56626358406291,4.163468802655916,4.0,1.8786729717647275,1.8786729717647275,True
20,142,25,26,4,7,7,42,77,65.84302220422197,3.157286980520439,4.0,1.7372133835970025,1.7372133835970025,True
20,142,26,27,4,9,9,38,69,55.70606412505989,4.643162336171614,5.0,1.6294278675552907,1.6294278675552907,True
20,142,27,28,4,4,4,47,72,96.45486794099465,2.537398366931302,5.0,2.41838596198428,2.41838596198428,True
20,142,28,29,4,6,6,44,89,59.561471326845094,3.2590242170617176,4.0,1.6066782114005778,1.6066782114005778,True
20,142,29,30,4,7,7,40,76,91.70136965032333,2.534431752928746,4.0,2.2664066197669355,2.2664066197669355,True
20,142,30,31,4,6,6,44,76,83.53791201710293,3.303814881165939,4.0,2.122250709898843,2.122250709898843,True
20,142,31,32,4,5,5,32,70,59.5834494954846,4.134531924285936,4.0,1.642169480446107,1.642169480446107,True
20,142,32,33,4,7,7,46,90,42.550069879748705,3.379760986464438,4.0,1.2469776511674782,1.2469776511674782,True
20,142,33,34,4,6,6,41,81,41.89900058766525,2.8903261380951637,4.0,1.2134487724023475,1.2134487724023475,True
20,142,34,35,4,4,4,45,80,101.78810906635026,2.318829157429718,5.0,2.5239269320046938,2.5239269320046938,True
20,142,35,36,4,3,3,45,79,136.92376100760168,4.035508432826221,4.0,3.295500930333085,3.295500930333085,True
20,142,36,37,4,5,5,39,77,57.99390463372919,2.897785709622743,4.0,1.558637956250535,1.558637956250535,True
20,142,37,38,4,4,4,38,72,187.8291799403282,6.059543179414565,3.0,4.417292725897902,4.417292725897902,True
20,142,38,39,4,3,3,45,75,175.22073950668735,1.818876273282755,5.0,4.077485183217467,4.077485183217467,True
20,142,39,40,4,7,7,42,70,86.72407565361928,3.514275492254334,5.0,2.2489440694105864,2.2489440694105864,True
20,142,40,41,4,5,5,47,86,94.92939500788404,2.9356053364751764,4.0,2.3516255350565225,2.3516255350565225,True
20,142,41,42,4,5,5,61,95,117.09282825697775,2.7591446788198177,4.0,2.8194978212308874,2.8194978212308874,True
20,142,42,43,4,4,4,55,84,62.391382875877824,2.998021406012655,4.0,1.6568790607236024,1.6568790607236024,True
20,142,43,44,4,2,2,62,90,97.10220880877532,3.549044886031091,4.0,2.4227234127721435,2.4227234127721435,True
20,142,44,45,4,8,8,57,89,90.61826612656661,3.433495934904689,4.0,2.279159825822615,2.279159825822615,True
